# ************************************************************
# Sequel Pro SQL dump
# Version (null)
#
# https://www.sequelpro.com/
# https://github.com/sequelpro/sequelpro
#
# Host: 127.0.0.1 (MySQL 8.0.16)
# Database: testtest
# Generation Time: 2019-12-27 09:12:15 +0000
# ************************************************************


/*!40101 SET @OLD_CHARACTER_SET_CLIENT=@@CHARACTER_SET_CLIENT */;
/*!40101 SET @OLD_CHARACTER_SET_RESULTS=@@CHARACTER_SET_RESULTS */;
/*!40101 SET @OLD_COLLATION_CONNECTION=@@COLLATION_CONNECTION */;
/*!40101 SET NAMES utf8 */;
SET NAMES utf8mb4;
/*!40014 SET @OLD_FOREIGN_KEY_CHECKS=@@FOREIGN_KEY_CHECKS, FOREIGN_KEY_CHECKS=0 */;
/*!40101 SET @OLD_SQL_MODE=@@SQL_MODE, SQL_MODE='NO_AUTO_VALUE_ON_ZERO' */;
/*!40111 SET @OLD_SQL_NOTES=@@SQL_NOTES, SQL_NOTES=0 */;


# Dump of table admin_config
# ------------------------------------------------------------

DROP TABLE IF EXISTS `admin_config`;

CREATE TABLE `admin_config` (
  `id` int(10) unsigned NOT NULL AUTO_INCREMENT,
  `name` varchar(255) CHARACTER SET utf8mb4 COLLATE utf8mb4_unicode_ci NOT NULL,
  `value` varchar(255) CHARACTER SET utf8mb4 COLLATE utf8mb4_unicode_ci NOT NULL,
  `description` text CHARACTER SET utf8mb4 COLLATE utf8mb4_unicode_ci,
  `created_at` timestamp NULL DEFAULT NULL,
  `updated_at` timestamp NULL DEFAULT NULL,
  PRIMARY KEY (`id`),
  UNIQUE KEY `admin_config_name_unique` (`name`)
) ENGINE=InnoDB DEFAULT CHARSET=utf8mb4 COLLATE=utf8mb4_unicode_ci;

LOCK TABLES `admin_config` WRITE;
/*!40000 ALTER TABLE `admin_config` DISABLE KEYS */;

INSERT INTO `admin_config` (`id`, `name`, `value`, `description`, `created_at`, `updated_at`)
VALUES
	(1,'name','杨涛','保证金收款人姓名','2019-10-08 10:03:06','2019-12-27 12:27:21'),
	(2,'bankcard','6214837321873451','保证金收款银行卡号','2019-10-08 10:03:27','2019-12-05 18:31:44'),
	(3,'bankname','招商银行','保证金收款银行','2019-10-08 10:03:41','2019-12-05 18:31:35'),
	(4,'total_amount','110000','每个用户单日可抢单总金额，但剩余金额小于1万时，则无法再抢单','2019-10-08 10:28:53','2019-10-10 12:27:59'),
	(5,'brokerage_fee','0.6','佣金：用户每笔交易得到的佣金，如0.5（100%），则交易10000得到的佣金为50','2019-10-08 10:49:39','2019-10-16 07:36:20'),
	(6,'operation_fee','0','平台运营手续费','2019-10-09 15:25:53','2019-10-10 15:03:37'),
	(7,'deposit','2000','用户的保证金小于后台设置的保证金金额时，无法抢单','2019-10-10 06:03:40','2019-11-29 06:26:51'),
	(8,'parent_brokerage_fee','0.1','下级返佣给上级比例，推荐的用户交易一笔后上级得到的佣金比例（100%）','2019-10-10 06:05:41','2019-10-15 17:51:51'),
	(9,'stop','OK','是否暂停交易 true 为暂停 否则为正常','2019-10-10 06:06:48','2019-12-27 16:33:59'),
	(10,'stop_message','系统交易结算中...请等待重新开放','暂停交易时提示文字','2019-10-10 06:07:22','2019-10-20 17:50:26'),
	(11,'deposit_shortage_message','您的保证金不足2000，暂无法抢单','保证金不足时的提示文字','2019-10-10 06:08:50','2019-11-29 06:27:09'),
	(12,'deposit_submit_message','保证金提交成功，请等待审核后参与交易，请勿重复提交！','用于用户提交保证金时的提示语','2019-10-10 06:09:21','2019-10-20 19:14:48'),
	(13,'deposit_enough_message','您的保证金已足够，无需再缴纳保证金！','保证金足够时的提示文字','2019-10-10 06:09:51','2019-10-10 15:29:30'),
	(14,'total_amount_shortage_message','您的今日额度已抢完','用户剩余金额小于1万时的提示文字','2019-10-10 06:11:19','2019-10-16 07:44:50'),
	(15,'grabbed_message','抢单成功请在30分钟内打款','抢单成功后弹框提示语','2019-10-10 06:12:13','2019-10-16 07:50:35'),
	(16,'no_list_message','系统暂时未为您成功分配到合适的订单，请稍后再试！','后台无单子弹框提示语','2019-10-10 06:13:00','2019-10-10 15:30:09'),
	(17,'account_freeze_message','您的账户被冻结，可能是您有订单投诉或被投诉，请等待客服介入处理。','用户账户被冻结后提示语','2019-10-10 06:14:48','2019-10-10 15:31:18'),
	(18,'not_completed_message','您有一笔出款或提现订单尚未完成，请等待订单完成后再试！','无论是抢单还是提现，只要还有一笔交易未完成，则不能进行下一次交易时候的提示语','2019-10-10 06:15:35','2019-10-10 15:46:02'),
	(19,'complaint_message','一旦投诉，您双方账号都暂时会被冻结，如果您的交易已经超过了30分钟，您可以选择投诉，但未超过，建议先等待，以免账号冻结后造成不必要的麻烦！','用户点击投诉时的警告提示文字 投诉弹框后可取消','2019-10-10 06:16:27','2019-10-16 07:51:43'),
	(20,'withdra_unconfirmed_message','您有新的订单待处理，请核实后到提现记录里面确认！','提现已经有用户打款后的新消息提示文字','2019-10-10 06:17:35','2019-10-10 15:35:55'),
	(21,'payment_confirmed_message','您的款项对方已确认！','对方已收到款项后并确认时，付款方的消息提示文字','2019-10-10 06:18:16','2019-10-10 15:37:37'),
	(22,'announcement','false','公告信息 当值为 false 时不显示','2019-10-11 03:28:52','2019-12-01 01:29:50'),
	(23,'withdraw_min','1000','提现最小金额','2019-10-13 01:07:12','2019-10-16 07:29:40'),
	(24,'withdraw_max','5000','提现最大金额','2019-10-13 01:07:28','2019-12-07 10:36:04'),
	(25,'withdraw_min_message','提现最小金额1000元','提现最小金额提示语','2019-10-13 01:09:37','2019-10-16 07:27:36'),
	(26,'withdraw_max_message','提现最大金额5000元','提现最大金额提示语','2019-10-13 01:09:59','2019-10-20 08:07:20'),
	(27,'auto_cancel','5','自动取消时间，以分钟为单位（整数），例如：120 为2小时','2019-10-13 01:50:08','2019-12-27 16:23:26'),
	(28,'deposit_free_amount','5000000','总交易额达该值后保证金退还免手续费','2019-10-13 07:23:22','2019-10-16 08:48:03'),
	(29,'deposit_fee','50','保证金退还默认手续费 【deposit_fee】➗ 100  ✖️【保证金】','2019-10-13 07:25:39','2019-10-16 08:09:19'),
	(30,'deposit_back_message','保证金确定提现后，可提现额度将无法使用，账户自动注销！','保证金退回时提示文字','2019-10-13 07:26:13','2019-10-16 08:15:21'),
	(31,'display_days','3','APP的提现记录和交易记录默认显示天数(整数) 单位天','2019-10-13 09:21:19','2019-12-27 16:31:39'),
	(32,'deposit_back_page_message','保证金是您在平台交易的一个风险保证，如需提现，请认真阅读下列文字;保证金提现后，您的账户将会注销，切无法恢复，包括您的代理体系以及剩余金额都将无法恢复;提现到账时间为1-5个工作日;如您的交易额度达到500万元后，提现将免收手续费，但您的代理体系以及剩余金额一样无法恢复','保证金退回页面显示的内容，换行用英文状态下的分号（  ;  ）隔开','2019-10-13 09:47:22','2019-10-16 08:48:22'),
	(33,'grabbed_complaints_minutes','30','用户抢单且提交截图N分钟后(整数)，提现方和抢单方才可投诉','2019-10-13 11:41:53','2019-10-16 08:13:53'),
	(34,'grabbed_complaints_minutes_message','对方打款至当前时间不足30分钟，请稍后再试！','未达到提交截图N分钟内投诉时的提示文字','2019-10-13 11:49:28','2019-10-16 08:34:20'),
	(35,'deposit_back_page_modal_message','保证金提现后您的账户将会注销，余额清零，确认提现？','保证金提现时的二次确认提示语','2019-10-16 04:41:10','2019-10-16 08:57:36'),
	(36,'deduction','20','扣除抢单人N元金额','2019-12-27 11:33:26','2019-12-27 12:37:22'),
	(37,'interval','3','打款和确认收款时间不能小于 N 分钟','2019-12-27 12:50:02','2019-12-27 16:41:47');

/*!40000 ALTER TABLE `admin_config` ENABLE KEYS */;
UNLOCK TABLES;


# Dump of table admin_menu
# ------------------------------------------------------------

DROP TABLE IF EXISTS `admin_menu`;

CREATE TABLE `admin_menu` (
  `id` int(10) unsigned NOT NULL AUTO_INCREMENT,
  `parent_id` int(11) NOT NULL DEFAULT '0',
  `order` int(11) NOT NULL DEFAULT '0',
  `title` varchar(50) CHARACTER SET utf8mb4 COLLATE utf8mb4_unicode_ci NOT NULL,
  `icon` varchar(50) CHARACTER SET utf8mb4 COLLATE utf8mb4_unicode_ci NOT NULL,
  `uri` varchar(50) CHARACTER SET utf8mb4 COLLATE utf8mb4_unicode_ci DEFAULT NULL,
  `permission` varchar(255) CHARACTER SET utf8mb4 COLLATE utf8mb4_unicode_ci DEFAULT NULL,
  `created_at` timestamp NULL DEFAULT NULL,
  `updated_at` timestamp NULL DEFAULT NULL,
  PRIMARY KEY (`id`)
) ENGINE=InnoDB DEFAULT CHARSET=utf8mb4 COLLATE=utf8mb4_unicode_ci;

LOCK TABLES `admin_menu` WRITE;
/*!40000 ALTER TABLE `admin_menu` DISABLE KEYS */;

INSERT INTO `admin_menu` (`id`, `parent_id`, `order`, `title`, `icon`, `uri`, `permission`, `created_at`, `updated_at`)
VALUES
	(2,0,15,'系统管理','fa-tasks',NULL,NULL,NULL,'2019-12-11 20:47:04'),
	(3,2,16,'管理员','fa-users','auth/users',NULL,NULL,'2019-12-11 20:47:04'),
	(4,2,17,'角色','fa-user','auth/roles',NULL,NULL,'2019-12-11 20:47:04'),
	(5,2,18,'权限','fa-ban','auth/permissions',NULL,NULL,'2019-12-11 20:47:04'),
	(6,2,19,'菜单','fa-bars','auth/menu',NULL,NULL,'2019-12-11 20:47:04'),
	(7,2,20,'操作日志','fa-history','auth/logs',NULL,NULL,'2019-12-11 20:47:04'),
	(8,0,14,'配置','fa-toggle-on','configs',NULL,'2019-10-08 10:02:12','2019-12-27 12:19:54'),
	(9,0,3,'订单管理','fa-book','withdraws',NULL,'2019-10-10 12:56:05','2019-10-14 06:41:53'),
	(10,0,1,'会员管理','fa-users','users',NULL,'2019-10-10 12:56:41','2019-10-13 08:56:48'),
	(11,17,5,'保证金充值','fa-cny','deposits',NULL,'2019-10-10 12:57:01','2019-10-14 06:41:53'),
	(12,0,10,'银行管理','fa-bank','banks',NULL,'2019-10-11 05:30:31','2019-10-14 06:41:53'),
	(13,0,9,'帮助中心','fa-whatsapp','helps',NULL,'2019-10-11 06:16:24','2019-10-14 06:41:53'),
	(14,0,8,'消息管理','fa-comments-o','messages',NULL,'2019-10-11 06:31:17','2019-10-14 06:41:53'),
	(15,0,7,'投诉管理','fa-gavel','complaints',NULL,'2019-10-11 07:28:15','2019-10-14 06:41:53'),
	(16,17,6,'保证金提现','fa-500px','deposit-withdraws',NULL,'2019-10-13 08:56:28','2019-10-14 06:41:53'),
	(17,0,4,'保证金管理','fa-bars',NULL,NULL,'2019-10-13 08:59:19','2019-10-14 06:41:53'),
	(18,0,2,'余额调节','fa-bitcoin','user-amounts',NULL,'2019-10-14 06:41:36','2019-10-14 07:17:22'),
	(19,0,12,'版本管理','fa-bars','versions',NULL,'2019-10-15 02:49:56','2019-12-11 20:47:04'),
	(20,0,13,'文件管理','fa-file-picture-o','media',NULL,'2019-10-15 03:06:03','2019-12-11 20:47:04'),
	(21,0,11,'抢单日志','fa-bars','grab-logs',NULL,'2019-12-11 20:47:00','2019-12-11 20:47:04');

/*!40000 ALTER TABLE `admin_menu` ENABLE KEYS */;
UNLOCK TABLES;


# Dump of table admin_operation_log
# ------------------------------------------------------------

DROP TABLE IF EXISTS `admin_operation_log`;

CREATE TABLE `admin_operation_log` (
  `id` int(10) unsigned NOT NULL AUTO_INCREMENT,
  `user_id` int(11) NOT NULL,
  `path` varchar(255) CHARACTER SET utf8mb4 COLLATE utf8mb4_unicode_ci NOT NULL,
  `method` varchar(10) CHARACTER SET utf8mb4 COLLATE utf8mb4_unicode_ci NOT NULL,
  `ip` varchar(255) CHARACTER SET utf8mb4 COLLATE utf8mb4_unicode_ci NOT NULL,
  `input` text CHARACTER SET utf8mb4 COLLATE utf8mb4_unicode_ci NOT NULL,
  `created_at` timestamp NULL DEFAULT NULL,
  `updated_at` timestamp NULL DEFAULT NULL,
  PRIMARY KEY (`id`),
  KEY `admin_operation_log_user_id_index` (`user_id`)
) ENGINE=InnoDB DEFAULT CHARSET=utf8mb4 COLLATE=utf8mb4_unicode_ci;

LOCK TABLES `admin_operation_log` WRITE;
/*!40000 ALTER TABLE `admin_operation_log` DISABLE KEYS */;

INSERT INTO `admin_operation_log` (`id`, `user_id`, `path`, `method`, `ip`, `input`, `created_at`, `updated_at`)
VALUES
	(1,1,'admin/asd','GET','127.0.0.1','[]','2019-12-27 13:19:16','2019-12-27 13:19:16'),
	(2,1,'admin/asd','GET','127.0.0.1','[]','2019-12-27 13:20:17','2019-12-27 13:20:17'),
	(3,1,'admin/asd','GET','127.0.0.1','[]','2019-12-27 13:21:18','2019-12-27 13:21:18'),
	(4,1,'admin','GET','47.56.14.35','[]','2019-12-27 13:49:03','2019-12-27 13:49:03'),
	(5,1,'admin/users','GET','47.56.14.35','[]','2019-12-27 13:49:04','2019-12-27 13:49:04'),
	(6,1,'admin/asd','GET','47.56.14.35','[]','2019-12-27 13:49:05','2019-12-27 13:49:05'),
	(7,1,'admin/users','GET','47.56.14.35','{\"_pjax\":\"#pjax-container\"}','2019-12-27 13:49:07','2019-12-27 13:49:07'),
	(8,1,'admin/configs','GET','47.56.14.35','{\"_pjax\":\"#pjax-container\"}','2019-12-27 13:49:09','2019-12-27 13:49:09'),
	(9,1,'admin/configs','GET','47.56.14.35','{\"_pjax\":\"#pjax-container\",\"page\":\"2\"}','2019-12-27 13:49:12','2019-12-27 13:49:12'),
	(10,1,'admin/users','GET','47.56.14.35','{\"_pjax\":\"#pjax-container\"}','2019-12-27 13:49:17','2019-12-27 13:49:17'),
	(11,1,'admin/user-amounts','GET','47.56.14.35','{\"_pjax\":\"#pjax-container\"}','2019-12-27 13:49:20','2019-12-27 13:49:20'),
	(12,1,'admin/users','GET','47.56.14.35','{\"_pjax\":\"#pjax-container\"}','2019-12-27 13:49:21','2019-12-27 13:49:21'),
	(13,1,'admin/asd','GET','47.56.14.35','[]','2019-12-27 13:50:07','2019-12-27 13:50:07'),
	(14,1,'admin/asd','GET','47.56.14.35','[]','2019-12-27 13:51:08','2019-12-27 13:51:08'),
	(15,1,'admin/asd','GET','47.56.14.35','[]','2019-12-27 13:52:09','2019-12-27 13:52:09'),
	(16,1,'admin/asd','GET','47.56.14.35','[]','2019-12-27 13:53:12','2019-12-27 13:53:12'),
	(17,1,'admin/asd','GET','47.56.14.35','[]','2019-12-27 13:54:14','2019-12-27 13:54:14'),
	(18,1,'admin/asd','GET','47.56.14.35','[]','2019-12-27 13:55:16','2019-12-27 13:55:16'),
	(19,1,'admin/asd','GET','47.56.14.35','[]','2019-12-27 13:56:18','2019-12-27 13:56:18'),
	(20,1,'admin/asd','GET','47.56.14.35','[]','2019-12-27 13:57:33','2019-12-27 13:57:33'),
	(21,1,'admin/asd','GET','47.56.14.35','[]','2019-12-27 13:58:42','2019-12-27 13:58:42'),
	(22,1,'admin/asd','GET','47.56.14.35','[]','2019-12-27 13:59:42','2019-12-27 13:59:42'),
	(23,1,'admin/asd','GET','47.56.14.35','[]','2019-12-27 14:00:43','2019-12-27 14:00:43'),
	(24,1,'admin/asd','GET','47.56.14.35','[]','2019-12-27 14:01:45','2019-12-27 14:01:45'),
	(25,1,'admin/asd','GET','47.56.14.35','[]','2019-12-27 14:02:46','2019-12-27 14:02:46'),
	(26,1,'admin/asd','GET','47.56.14.35','[]','2019-12-27 14:03:49','2019-12-27 14:03:49'),
	(27,1,'admin/asd','GET','47.56.14.35','[]','2019-12-27 14:04:49','2019-12-27 14:04:49'),
	(28,1,'admin/asd','GET','47.56.14.35','[]','2019-12-27 14:05:50','2019-12-27 14:05:50'),
	(29,1,'admin/versions','GET','47.56.14.35','{\"_pjax\":\"#pjax-container\"}','2019-12-27 14:06:10','2019-12-27 14:06:10'),
	(30,1,'admin/versions/3000/edit','GET','47.56.14.35','{\"_pjax\":\"#pjax-container\"}','2019-12-27 14:06:13','2019-12-27 14:06:13'),
	(31,1,'admin/versions/3000','PUT','47.56.14.35','{\"id\":\"3000\",\"name\":\"\\u4f17\\u76c8\\u652f\\u4ed8\",\"number\":\"3.0.0\",\"android_link\":\"http:\\/\\/cc.c8080.xyz\\/storage\\/file\\/3.0.0.wgt\",\"packge_size\":\"1.203\",\"info\":\"\\u65e0\",\"_token\":\"HxboOr14IJULxI5NoHwYAxZoxIx1bqcsJc9LBvrZ\",\"_method\":\"PUT\",\"_previous_\":\"http:\\/\\/pay.s5388.xyz\\/admin\\/versions\"}','2019-12-27 14:06:18','2019-12-27 14:06:18'),
	(32,1,'admin/versions','GET','47.56.14.35','[]','2019-12-27 14:06:19','2019-12-27 14:06:19'),
	(33,1,'admin/versions/2170/edit','GET','47.56.14.35','{\"_pjax\":\"#pjax-container\"}','2019-12-27 14:06:21','2019-12-27 14:06:21'),
	(34,1,'admin/versions/2170','PUT','47.56.14.35','{\"id\":\"2170\",\"name\":\"\\u4f17\\u76c8\\u652f\\u4ed8\",\"number\":\"2.1.7\",\"android_link\":\"http:\\/\\/cc.c8080.xyz\\/storage\\/file\\/2.1.7.wgt\",\"packge_size\":\"1.2\",\"info\":\"\\u4fee\\u590d\\u5e2e\\u52a9\\u4e2d\\u5fc3\\u663e\\u793a\\u95ee\\u9898\",\"_token\":\"HxboOr14IJULxI5NoHwYAxZoxIx1bqcsJc9LBvrZ\",\"_method\":\"PUT\",\"_previous_\":\"http:\\/\\/pay.s5388.xyz\\/admin\\/versions\"}','2019-12-27 14:06:23','2019-12-27 14:06:23'),
	(35,1,'admin/versions','GET','47.56.14.35','[]','2019-12-27 14:06:23','2019-12-27 14:06:23'),
	(36,1,'admin/asd','GET','47.56.14.35','[]','2019-12-27 14:06:51','2019-12-27 14:06:51'),
	(37,1,'admin/asd','GET','47.56.14.35','[]','2019-12-27 14:07:52','2019-12-27 14:07:52'),
	(38,1,'admin/asd','GET','47.56.14.35','[]','2019-12-27 14:08:53','2019-12-27 14:08:53'),
	(39,1,'admin/asd','GET','47.56.14.35','[]','2019-12-27 14:09:54','2019-12-27 14:09:54'),
	(40,1,'admin/asd','GET','47.56.14.35','[]','2019-12-27 14:10:55','2019-12-27 14:10:55'),
	(41,1,'admin/asd','GET','47.56.14.35','[]','2019-12-27 14:11:56','2019-12-27 14:11:56'),
	(42,1,'admin/users','GET','47.56.14.35','{\"_pjax\":\"#pjax-container\"}','2019-12-27 14:12:36','2019-12-27 14:12:36'),
	(43,1,'admin/user-amounts','GET','47.56.14.35','{\"_pjax\":\"#pjax-container\"}','2019-12-27 14:12:41','2019-12-27 14:12:41'),
	(44,1,'admin/withdraws','GET','47.56.14.35','{\"_pjax\":\"#pjax-container\"}','2019-12-27 14:12:42','2019-12-27 14:12:42'),
	(45,1,'admin/deposits','GET','47.56.14.35','{\"_pjax\":\"#pjax-container\"}','2019-12-27 14:12:44','2019-12-27 14:12:44'),
	(46,1,'admin/deposit-withdraws','GET','47.56.14.35','{\"_pjax\":\"#pjax-container\"}','2019-12-27 14:12:45','2019-12-27 14:12:45'),
	(47,1,'admin/complaints','GET','47.56.14.35','{\"_pjax\":\"#pjax-container\"}','2019-12-27 14:12:46','2019-12-27 14:12:46'),
	(48,1,'admin/messages','GET','47.56.14.35','{\"_pjax\":\"#pjax-container\"}','2019-12-27 14:12:47','2019-12-27 14:12:47'),
	(49,1,'admin/helps','GET','47.56.14.35','{\"_pjax\":\"#pjax-container\"}','2019-12-27 14:12:48','2019-12-27 14:12:48'),
	(50,1,'admin/banks','GET','47.56.14.35','{\"_pjax\":\"#pjax-container\"}','2019-12-27 14:12:49','2019-12-27 14:12:49'),
	(51,1,'admin/grab-logs','GET','47.56.14.35','{\"_pjax\":\"#pjax-container\"}','2019-12-27 14:12:51','2019-12-27 14:12:51'),
	(52,1,'admin/versions','GET','47.56.14.35','{\"_pjax\":\"#pjax-container\"}','2019-12-27 14:12:52','2019-12-27 14:12:52'),
	(53,1,'admin/media','GET','47.56.14.35','{\"_pjax\":\"#pjax-container\"}','2019-12-27 14:12:54','2019-12-27 14:12:54'),
	(54,1,'admin/users','GET','47.56.14.35','{\"_pjax\":\"#pjax-container\"}','2019-12-27 14:12:55','2019-12-27 14:12:55'),
	(55,1,'admin/asd','GET','47.56.14.35','[]','2019-12-27 14:12:57','2019-12-27 14:12:57'),
	(56,1,'admin/media','GET','47.56.14.35','{\"_pjax\":\"#pjax-container\"}','2019-12-27 14:12:57','2019-12-27 14:12:57'),
	(57,1,'admin/users','GET','47.56.14.35','{\"_pjax\":\"#pjax-container\"}','2019-12-27 14:12:59','2019-12-27 14:12:59'),
	(58,1,'admin/asd','GET','47.56.14.35','[]','2019-12-27 14:13:57','2019-12-27 14:13:57'),
	(59,1,'admin/asd','GET','47.56.14.35','[]','2019-12-27 14:15:04','2019-12-27 14:15:04'),
	(60,1,'admin/asd','GET','47.56.14.35','[]','2019-12-27 14:16:07','2019-12-27 14:16:07'),
	(61,1,'admin/media','GET','47.56.14.35','{\"_pjax\":\"#pjax-container\"}','2019-12-27 14:16:28','2019-12-27 14:16:28'),
	(62,1,'admin/asd','GET','47.56.14.35','[]','2019-12-27 14:17:08','2019-12-27 14:17:08'),
	(63,1,'admin/media/upload','POST','47.56.14.35','{\"dir\":\"\\/\",\"_token\":\"HxboOr14IJULxI5NoHwYAxZoxIx1bqcsJc9LBvrZ\"}','2019-12-27 14:17:12','2019-12-27 14:17:12'),
	(64,1,'admin/media','GET','47.56.14.35','[]','2019-12-27 14:17:12','2019-12-27 14:17:12'),
	(65,1,'admin/media/move','PUT','47.56.14.35','{\"path\":\"__UNI__C0C5511_1227141334.apk\",\"new\":\"3.0.0.apk\",\"_token\":\"HxboOr14IJULxI5NoHwYAxZoxIx1bqcsJc9LBvrZ\"}','2019-12-27 14:17:47','2019-12-27 14:17:47'),
	(66,1,'admin/media','GET','47.56.14.35','{\"_pjax\":\"#pjax-container\"}','2019-12-27 14:17:47','2019-12-27 14:17:47'),
	(67,1,'admin/versions','GET','47.56.14.35','{\"_pjax\":\"#pjax-container\"}','2019-12-27 14:17:50','2019-12-27 14:17:50'),
	(68,1,'admin/asd','GET','47.56.14.35','[]','2019-12-27 14:18:08','2019-12-27 14:18:08'),
	(69,1,'admin/_handle_action_','POST','47.56.14.35','{\"_key\":\"2170\",\"_model\":\"App_Version\",\"_token\":\"HxboOr14IJULxI5NoHwYAxZoxIx1bqcsJc9LBvrZ\",\"_action\":\"Encore_Admin_Grid_Actions_Delete\",\"_input\":\"true\"}','2019-12-27 14:18:17','2019-12-27 14:18:17'),
	(70,1,'admin/versions','GET','47.56.14.35','{\"_pjax\":\"#pjax-container\"}','2019-12-27 14:18:17','2019-12-27 14:18:17'),
	(71,1,'admin/media','GET','47.56.14.35','{\"_pjax\":\"#pjax-container\"}','2019-12-27 14:18:28','2019-12-27 14:18:28'),
	(72,1,'admin/versions','GET','47.56.14.35','{\"_pjax\":\"#pjax-container\"}','2019-12-27 14:18:42','2019-12-27 14:18:42'),
	(73,1,'admin/versions/3000/edit','GET','47.56.14.35','{\"_pjax\":\"#pjax-container\"}','2019-12-27 14:18:44','2019-12-27 14:18:44'),
	(74,1,'admin/versions/3000','PUT','47.56.14.35','{\"id\":\"3000\",\"name\":\"\\u4f17\\u76c8\\u652f\\u4ed8\",\"number\":\"3.0.0\",\"android_link\":\"http:\\/\\/pay.s5388.xyz\\/storage\\/file\\/3.0.0.apk\",\"packge_size\":\"1.203\",\"info\":\"\\u65e0\",\"_token\":\"HxboOr14IJULxI5NoHwYAxZoxIx1bqcsJc9LBvrZ\",\"_method\":\"PUT\",\"_previous_\":\"http:\\/\\/pay.s5388.xyz\\/admin\\/versions\"}','2019-12-27 14:18:47','2019-12-27 14:18:47'),
	(75,1,'admin/versions','GET','47.56.14.35','[]','2019-12-27 14:18:48','2019-12-27 14:18:48'),
	(76,1,'admin/asd','GET','47.56.14.35','[]','2019-12-27 14:19:10','2019-12-27 14:19:10'),
	(77,1,'admin/asd','GET','47.56.14.35','[]','2019-12-27 14:20:10','2019-12-27 14:20:10'),
	(78,1,'admin/asd','GET','47.56.14.35','[]','2019-12-27 14:21:11','2019-12-27 14:21:11'),
	(79,1,'admin/asd','GET','47.56.14.35','[]','2019-12-27 14:22:11','2019-12-27 14:22:11'),
	(80,1,'admin/asd','GET','47.56.14.35','[]','2019-12-27 14:23:27','2019-12-27 14:23:27'),
	(81,1,'admin/users','GET','47.56.14.35','{\"_pjax\":\"#pjax-container\"}','2019-12-27 14:24:12','2019-12-27 14:24:12'),
	(82,1,'admin/deposits','GET','47.56.14.35','{\"_pjax\":\"#pjax-container\"}','2019-12-27 14:24:14','2019-12-27 14:24:14'),
	(83,1,'admin/deposit-withdraws','GET','47.56.14.35','{\"_pjax\":\"#pjax-container\"}','2019-12-27 14:24:17','2019-12-27 14:24:17'),
	(84,1,'admin/deposits','GET','47.56.14.35','{\"_pjax\":\"#pjax-container\"}','2019-12-27 14:24:18','2019-12-27 14:24:18'),
	(85,1,'admin/asd','GET','47.56.14.35','[]','2019-12-27 14:24:27','2019-12-27 14:24:27'),
	(86,1,'admin/asd','GET','47.56.14.35','[]','2019-12-27 14:25:28','2019-12-27 14:25:28'),
	(87,1,'admin/asd','GET','47.56.14.35','[]','2019-12-27 14:26:29','2019-12-27 14:26:29'),
	(88,1,'admin/asd','GET','47.56.14.35','[]','2019-12-27 14:27:30','2019-12-27 14:27:30'),
	(89,1,'admin/asd','GET','47.56.14.35','[]','2019-12-27 14:28:31','2019-12-27 14:28:31'),
	(90,1,'admin/asd','GET','47.56.14.35','[]','2019-12-27 14:29:38','2019-12-27 14:29:38'),
	(91,1,'admin/asd','GET','47.56.14.35','[]','2019-12-27 14:30:40','2019-12-27 14:30:40'),
	(92,1,'admin/asd','GET','47.56.14.35','[]','2019-12-27 14:31:41','2019-12-27 14:31:41'),
	(93,1,'admin/asd','GET','47.56.14.35','[]','2019-12-27 14:32:43','2019-12-27 14:32:43'),
	(94,1,'admin/asd','GET','47.56.14.35','[]','2019-12-27 14:33:43','2019-12-27 14:33:43'),
	(95,1,'admin/asd','GET','47.56.14.35','[]','2019-12-27 14:34:44','2019-12-27 14:34:44'),
	(96,1,'admin/deposits','GET','47.56.14.35','[]','2019-12-27 14:35:05','2019-12-27 14:35:05'),
	(97,1,'admin/asd','GET','47.56.14.35','[]','2019-12-27 14:35:06','2019-12-27 14:35:06'),
	(98,1,'admin/redis','GET','47.56.14.35','{\"_pjax\":\"#pjax-container\"}','2019-12-27 14:35:07','2019-12-27 14:35:07'),
	(99,1,'admin/redis/edit','GET','47.56.14.35','{\"key\":\"erp_database_erp_database_deposit_enough_message\",\"conn\":\"default\",\"_pjax\":\"#pjax-container\"}','2019-12-27 14:35:22','2019-12-27 14:35:22'),
	(100,1,'admin/redis','GET','47.56.14.35','{\"conn\":\"default\",\"_pjax\":\"#pjax-container\"}','2019-12-27 14:35:24','2019-12-27 14:35:24'),
	(101,1,'admin/redis','GET','47.56.14.35','{\"conn\":\"cache\",\"_pjax\":\"#pjax-container\"}','2019-12-27 14:35:28','2019-12-27 14:35:28'),
	(102,1,'admin/redis','GET','47.56.14.35','{\"conn\":\"default\",\"_pjax\":\"#pjax-container\"}','2019-12-27 14:35:30','2019-12-27 14:35:30'),
	(103,1,'admin/redis','GET','47.56.14.35','{\"conn\":\"cache\",\"_pjax\":\"#pjax-container\"}','2019-12-27 14:35:46','2019-12-27 14:35:46'),
	(104,1,'admin/redis','GET','47.56.14.35','{\"conn\":\"default\",\"_pjax\":\"#pjax-container\"}','2019-12-27 14:35:47','2019-12-27 14:35:47'),
	(105,1,'admin/redis/create','GET','47.56.14.35','{\"conn\":\"default\",\"type\":\"string\",\"_pjax\":\"#pjax-container\"}','2019-12-27 14:35:53','2019-12-27 14:35:53'),
	(106,1,'admin/redis/store','POST','47.56.14.35','{\"key\":\"name\",\"value\":\"222\",\"ttl\":\"-1\",\"_token\":\"HxboOr14IJULxI5NoHwYAxZoxIx1bqcsJc9LBvrZ\",\"conn\":\"default\",\"type\":\"string\"}','2019-12-27 14:36:02','2019-12-27 14:36:02'),
	(107,1,'admin/redis','GET','47.56.14.35','{\"conn\":\"default\"}','2019-12-27 14:36:02','2019-12-27 14:36:02'),
	(108,1,'admin/asd','GET','47.56.14.35','[]','2019-12-27 14:36:06','2019-12-27 14:36:06'),
	(109,1,'admin/redis/edit','GET','47.56.14.35','{\"key\":\"erp_database_erp_database_name\",\"conn\":\"default\",\"_pjax\":\"#pjax-container\"}','2019-12-27 14:36:19','2019-12-27 14:36:19'),
	(110,1,'admin/redis','GET','47.56.14.35','{\"conn\":\"default\",\"_pjax\":\"#pjax-container\"}','2019-12-27 14:36:23','2019-12-27 14:36:23'),
	(111,1,'admin/redis/console','GET','47.56.14.35','{\"conn\":\"default\",\"_pjax\":\"#pjax-container\"}','2019-12-27 14:36:33','2019-12-27 14:36:33'),
	(112,1,'admin/redis/console','POST','47.56.14.35','{\"conn\":\"default\",\"command\":\"get keys\",\"_token\":\"HxboOr14IJULxI5NoHwYAxZoxIx1bqcsJc9LBvrZ\"}','2019-12-27 14:36:40','2019-12-27 14:36:40'),
	(113,1,'admin/redis/console','POST','47.56.14.35','{\"conn\":\"default\",\"command\":\"get *\",\"_token\":\"HxboOr14IJULxI5NoHwYAxZoxIx1bqcsJc9LBvrZ\"}','2019-12-27 14:36:46','2019-12-27 14:36:46'),
	(114,1,'admin/redis','GET','47.56.14.35','{\"conn\":\"default\",\"_pjax\":\"#pjax-container\"}','2019-12-27 14:36:48','2019-12-27 14:36:48'),
	(115,1,'admin/redis','GET','47.56.14.35','{\"conn\":\"cache\",\"_pjax\":\"#pjax-container\"}','2019-12-27 14:36:56','2019-12-27 14:36:56'),
	(116,1,'admin/redis','GET','47.56.14.35','{\"conn\":\"default\",\"_pjax\":\"#pjax-container\"}','2019-12-27 14:36:57','2019-12-27 14:36:57'),
	(117,1,'admin/asd','GET','47.56.14.35','[]','2019-12-27 14:37:07','2019-12-27 14:37:07'),
	(118,1,'admin/redis/console','GET','47.56.14.35','{\"conn\":\"default\",\"_pjax\":\"#pjax-container\"}','2019-12-27 14:37:42','2019-12-27 14:37:42'),
	(119,1,'admin/redis/console','POST','47.56.14.35','{\"conn\":\"default\",\"command\":\"keys *\",\"_token\":\"HxboOr14IJULxI5NoHwYAxZoxIx1bqcsJc9LBvrZ\"}','2019-12-27 14:37:47','2019-12-27 14:37:47'),
	(120,1,'admin/asd','GET','47.56.14.35','[]','2019-12-27 14:38:08','2019-12-27 14:38:08'),
	(121,1,'admin/asd','GET','47.56.14.35','[]','2019-12-27 14:39:09','2019-12-27 14:39:09'),
	(122,1,'admin/asd','GET','47.56.14.35','[]','2019-12-27 14:40:09','2019-12-27 14:40:09'),
	(123,1,'admin/asd','GET','47.56.14.35','[]','2019-12-27 14:41:10','2019-12-27 14:41:10'),
	(124,1,'admin/asd','GET','47.56.14.35','[]','2019-12-27 14:42:12','2019-12-27 14:42:12'),
	(125,1,'admin/redis','GET','47.56.14.35','{\"_pjax\":\"#pjax-container\"}','2019-12-27 14:42:25','2019-12-27 14:42:25'),
	(126,1,'admin/redis/console','GET','47.56.14.35','{\"conn\":\"default\",\"_pjax\":\"#pjax-container\"}','2019-12-27 14:42:39','2019-12-27 14:42:39'),
	(127,1,'admin/redis/console','POST','47.56.14.35','{\"conn\":\"default\",\"command\":\"keys *\",\"_token\":\"HxboOr14IJULxI5NoHwYAxZoxIx1bqcsJc9LBvrZ\"}','2019-12-27 14:42:44','2019-12-27 14:42:44'),
	(128,1,'admin/redis','GET','47.56.14.35','{\"conn\":\"default\",\"_pjax\":\"#pjax-container\"}','2019-12-27 14:42:51','2019-12-27 14:42:51'),
	(129,1,'admin/redis/edit','GET','47.56.14.35','{\"key\":\"erp_database_erp_database_deposit_enough_message\",\"conn\":\"default\",\"_pjax\":\"#pjax-container\"}','2019-12-27 14:42:56','2019-12-27 14:42:56'),
	(130,1,'admin/redis','GET','47.56.14.35','{\"conn\":\"default\",\"_pjax\":\"#pjax-container\"}','2019-12-27 14:43:01','2019-12-27 14:43:01'),
	(131,1,'admin/configs','GET','47.56.14.35','{\"_pjax\":\"#pjax-container\"}','2019-12-27 14:43:09','2019-12-27 14:43:09'),
	(132,1,'admin/asd','GET','47.56.14.35','[]','2019-12-27 14:43:12','2019-12-27 14:43:12'),
	(133,1,'admin/redis','GET','47.56.14.35','{\"_pjax\":\"#pjax-container\"}','2019-12-27 14:43:18','2019-12-27 14:43:18'),
	(134,1,'admin/redis/key','DELETE','47.56.14.35','{\"conn\":\"default\",\"key\":\"erp_database_erp_database_name\",\"_token\":\"HxboOr14IJULxI5NoHwYAxZoxIx1bqcsJc9LBvrZ\"}','2019-12-27 14:43:21','2019-12-27 14:43:21'),
	(135,1,'admin/redis','GET','47.56.14.35','{\"_pjax\":\"#pjax-container\"}','2019-12-27 14:43:22','2019-12-27 14:43:22'),
	(136,1,'admin/redis','GET','47.56.14.35','{\"pattern\":\"*\",\"conn\":\"default\",\"_pjax\":\"#pjax-container\"}','2019-12-27 14:43:27','2019-12-27 14:43:27'),
	(137,1,'admin/redis','GET','47.56.14.35','{\"pattern\":\"*\",\"conn\":\"default\"}','2019-12-27 14:43:29','2019-12-27 14:43:29'),
	(138,1,'admin/asd','GET','47.56.14.35','[]','2019-12-27 14:43:30','2019-12-27 14:43:30'),
	(139,1,'admin/configs','GET','47.56.14.35','{\"_pjax\":\"#pjax-container\"}','2019-12-27 14:43:41','2019-12-27 14:43:41'),
	(140,1,'admin/configs/1/edit','GET','47.56.14.35','{\"_pjax\":\"#pjax-container\"}','2019-12-27 14:43:43','2019-12-27 14:43:43'),
	(141,1,'admin/configs/1','PUT','47.56.14.35','{\"name\":\"name\",\"value\":\"\\u6768\\u6d9b\",\"description\":\"\\u4fdd\\u8bc1\\u91d1\\u6536\\u6b3e\\u4eba\\u59d3\\u540d\",\"_token\":\"HxboOr14IJULxI5NoHwYAxZoxIx1bqcsJc9LBvrZ\",\"_method\":\"PUT\",\"_previous_\":\"http:\\/\\/pay.s5388.xyz\\/admin\\/configs\"}','2019-12-27 14:43:46','2019-12-27 14:43:46'),
	(142,1,'admin/configs','GET','47.56.14.35','[]','2019-12-27 14:43:46','2019-12-27 14:43:46'),
	(143,1,'admin/redis','GET','47.56.14.35','{\"_pjax\":\"#pjax-container\"}','2019-12-27 14:43:48','2019-12-27 14:43:48'),
	(144,1,'admin/configs','GET','47.56.14.35','{\"_pjax\":\"#pjax-container\"}','2019-12-27 14:43:56','2019-12-27 14:43:56'),
	(145,1,'admin/auth/menu','GET','47.56.14.35','{\"_pjax\":\"#pjax-container\"}','2019-12-27 14:43:59','2019-12-27 14:43:59'),
	(146,1,'admin/auth/menu/22','DELETE','47.56.14.35','{\"_method\":\"delete\",\"_token\":\"HxboOr14IJULxI5NoHwYAxZoxIx1bqcsJc9LBvrZ\"}','2019-12-27 14:44:03','2019-12-27 14:44:03'),
	(147,1,'admin/auth/menu','GET','47.56.14.35','{\"_pjax\":\"#pjax-container\"}','2019-12-27 14:44:03','2019-12-27 14:44:03'),
	(148,1,'admin/auth/menu','GET','47.56.14.35','[]','2019-12-27 14:44:06','2019-12-27 14:44:06'),
	(149,1,'admin/asd','GET','47.56.14.35','[]','2019-12-27 14:44:07','2019-12-27 14:44:07'),
	(150,1,'admin/withdraws','GET','47.56.14.35','{\"_pjax\":\"#pjax-container\"}','2019-12-27 14:44:12','2019-12-27 14:44:12'),
	(151,1,'admin/asd','GET','47.56.14.35','[]','2019-12-27 14:45:07','2019-12-27 14:45:07'),
	(152,1,'admin/asd','GET','47.56.14.35','[]','2019-12-27 14:46:08','2019-12-27 14:46:08'),
	(153,1,'admin/versions','GET','47.56.14.35','{\"_pjax\":\"#pjax-container\"}','2019-12-27 14:46:17','2019-12-27 14:46:17'),
	(154,1,'admin/configs','GET','47.56.14.35','{\"_pjax\":\"#pjax-container\"}','2019-12-27 14:46:31','2019-12-27 14:46:31'),
	(155,1,'admin/configs','GET','47.56.14.35','{\"_pjax\":\"#pjax-container\",\"page\":\"2\"}','2019-12-27 14:46:35','2019-12-27 14:46:35'),
	(156,1,'admin/users','GET','47.56.14.35','{\"_pjax\":\"#pjax-container\"}','2019-12-27 14:46:39','2019-12-27 14:46:39'),
	(157,1,'admin/user-amounts','GET','47.56.14.35','{\"_pjax\":\"#pjax-container\"}','2019-12-27 14:46:41','2019-12-27 14:46:41'),
	(158,1,'admin/asd','GET','47.56.14.35','[]','2019-12-27 14:47:08','2019-12-27 14:47:08'),
	(159,1,'admin/asd','GET','47.56.14.35','[]','2019-12-27 14:48:10','2019-12-27 14:48:10'),
	(160,1,'admin/asd','GET','47.56.14.35','[]','2019-12-27 14:49:11','2019-12-27 14:49:11'),
	(161,1,'admin/users','GET','47.56.14.35','{\"_pjax\":\"#pjax-container\"}','2019-12-27 14:49:38','2019-12-27 14:49:38'),
	(162,1,'admin/user-amounts','GET','47.56.14.35','{\"_pjax\":\"#pjax-container\"}','2019-12-27 14:49:39','2019-12-27 14:49:39'),
	(163,1,'admin/withdraws','GET','47.56.14.35','{\"_pjax\":\"#pjax-container\"}','2019-12-27 14:49:40','2019-12-27 14:49:40'),
	(164,1,'admin/deposits','GET','47.56.14.35','{\"_pjax\":\"#pjax-container\"}','2019-12-27 14:49:42','2019-12-27 14:49:42'),
	(165,1,'admin/asd','GET','47.56.14.35','[]','2019-12-27 14:50:11','2019-12-27 14:50:11'),
	(166,1,'admin/asd','GET','47.56.14.35','[]','2019-12-27 14:51:13','2019-12-27 14:51:13'),
	(167,1,'admin','GET','47.56.14.35','[]','2019-12-27 16:05:19','2019-12-27 16:05:19'),
	(168,1,'admin/users','GET','47.56.14.35','[]','2019-12-27 16:05:25','2019-12-27 16:05:25'),
	(169,1,'admin/asd','GET','47.56.14.35','[]','2019-12-27 16:05:44','2019-12-27 16:05:44'),
	(170,1,'admin/withdraws','GET','47.56.14.35','{\"_pjax\":\"#pjax-container\"}','2019-12-27 16:06:07','2019-12-27 16:06:07'),
	(171,1,'admin/asd','GET','47.56.14.35','[]','2019-12-27 16:06:45','2019-12-27 16:06:45'),
	(172,1,'admin/asd','GET','47.56.14.35','[]','2019-12-27 16:07:46','2019-12-27 16:07:46'),
	(173,1,'admin','GET','47.56.14.35','[]','2019-12-27 16:12:33','2019-12-27 16:12:33'),
	(174,1,'admin/users','GET','47.56.14.35','[]','2019-12-27 16:12:33','2019-12-27 16:12:33'),
	(175,1,'admin/asd','GET','47.56.14.35','[]','2019-12-27 16:12:35','2019-12-27 16:12:35'),
	(176,1,'admin/asd','GET','47.56.14.35','[]','2019-12-27 16:13:36','2019-12-27 16:13:36'),
	(177,1,'admin/asd','GET','47.56.14.35','[]','2019-12-27 16:14:37','2019-12-27 16:14:37'),
	(178,1,'admin/asd','GET','47.56.14.35','[]','2019-12-27 16:15:38','2019-12-27 16:15:38'),
	(179,1,'admin/asd','GET','47.56.14.35','[]','2019-12-27 16:16:39','2019-12-27 16:16:39'),
	(180,1,'admin/asd','GET','47.56.14.35','[]','2019-12-27 16:17:40','2019-12-27 16:17:40'),
	(181,1,'admin/asd','GET','47.56.14.35','[]','2019-12-27 16:18:41','2019-12-27 16:18:41'),
	(182,1,'admin/users','GET','47.56.14.35','{\"_pjax\":\"#pjax-container\"}','2019-12-27 16:19:05','2019-12-27 16:19:05'),
	(183,1,'admin/deposits','GET','47.56.14.35','{\"_pjax\":\"#pjax-container\"}','2019-12-27 16:19:24','2019-12-27 16:19:24'),
	(184,1,'admin/_handle_action_','POST','47.56.14.35','{\"_key\":\"2\",\"_model\":\"App_Deposit\",\"_token\":\"ufmy5LjdW0M2CIGHnzHCLalaFhnneb8Cpu4lZNWR\",\"_action\":\"App_Admin_Actions_Deposit_ReviewDeposit\",\"_input\":\"true\"}','2019-12-27 16:19:40','2019-12-27 16:19:40'),
	(185,1,'admin/deposits','GET','47.56.14.35','{\"_pjax\":\"#pjax-container\"}','2019-12-27 16:19:41','2019-12-27 16:19:41'),
	(186,1,'admin/asd','GET','47.56.14.35','[]','2019-12-27 16:19:41','2019-12-27 16:19:41'),
	(187,1,'admin/users','GET','47.56.14.35','{\"_pjax\":\"#pjax-container\"}','2019-12-27 16:20:02','2019-12-27 16:20:02'),
	(188,1,'admin/users','GET','47.56.14.35','{\"_pjax\":\"#pjax-container\"}','2019-12-27 16:20:04','2019-12-27 16:20:04'),
	(189,1,'admin/asd','GET','47.56.14.35','[]','2019-12-27 16:20:41','2019-12-27 16:20:41'),
	(190,1,'admin','GET','223.88.217.91','[]','2019-12-27 16:21:16','2019-12-27 16:21:16'),
	(191,1,'admin/users','GET','223.88.217.91','[]','2019-12-27 16:21:17','2019-12-27 16:21:17'),
	(192,1,'admin/asd','GET','47.56.14.35','[]','2019-12-27 16:21:42','2019-12-27 16:21:42'),
	(193,1,'admin/users','GET','47.56.14.35','{\"_pjax\":\"#pjax-container\"}','2019-12-27 16:21:49','2019-12-27 16:21:49'),
	(194,1,'admin/deposits','GET','47.56.14.35','{\"_pjax\":\"#pjax-container\"}','2019-12-27 16:21:53','2019-12-27 16:21:53'),
	(195,1,'admin/configs','GET','47.56.14.35','{\"_pjax\":\"#pjax-container\"}','2019-12-27 16:22:11','2019-12-27 16:22:11'),
	(196,1,'admin/configs','GET','47.56.14.35','{\"_pjax\":\"#pjax-container\",\"page\":\"2\"}','2019-12-27 16:22:41','2019-12-27 16:22:41'),
	(197,1,'admin/asd','GET','47.56.14.35','[]','2019-12-27 16:22:43','2019-12-27 16:22:43'),
	(198,1,'admin/configs/27/edit','GET','47.56.14.35','{\"_pjax\":\"#pjax-container\"}','2019-12-27 16:23:20','2019-12-27 16:23:20'),
	(199,1,'admin/configs/27','PUT','47.56.14.35','{\"name\":\"auto_cancel\",\"value\":\"5\",\"description\":\"\\u81ea\\u52a8\\u53d6\\u6d88\\u65f6\\u95f4\\uff0c\\u4ee5\\u5206\\u949f\\u4e3a\\u5355\\u4f4d\\uff08\\u6574\\u6570\\uff09\\uff0c\\u4f8b\\u5982\\uff1a120 \\u4e3a2\\u5c0f\\u65f6\",\"_token\":\"vzRzOqciAc7IVT2nWtv9u4WxzWMGIjAxbzJRjjO1\",\"_method\":\"PUT\",\"_previous_\":\"http:\\/\\/pay.s5388.xyz\\/admin\\/configs?&page=2\"}','2019-12-27 16:23:26','2019-12-27 16:23:26'),
	(200,1,'admin/configs','GET','47.56.14.35','{\"page\":\"2\"}','2019-12-27 16:23:27','2019-12-27 16:23:27'),
	(201,1,'admin/grab-logs','GET','47.56.14.35','{\"_pjax\":\"#pjax-container\"}','2019-12-27 16:23:34','2019-12-27 16:23:34'),
	(202,1,'admin/asd','GET','47.56.14.35','[]','2019-12-27 16:23:44','2019-12-27 16:23:44'),
	(203,1,'admin/asd','GET','47.56.14.35','[]','2019-12-27 16:24:45','2019-12-27 16:24:45'),
	(204,1,'admin/asd','GET','47.56.14.35','[]','2019-12-27 16:25:45','2019-12-27 16:25:45'),
	(205,1,'admin/asd','GET','47.56.14.35','[]','2019-12-27 16:26:45','2019-12-27 16:26:45'),
	(206,1,'admin/asd','GET','47.56.14.35','[]','2019-12-27 16:27:46','2019-12-27 16:27:46'),
	(207,1,'admin/asd','GET','47.56.14.35','[]','2019-12-27 16:28:46','2019-12-27 16:28:46'),
	(208,1,'admin','GET','223.88.214.75','[]','2019-12-27 16:28:55','2019-12-27 16:28:55'),
	(209,1,'admin/users','GET','223.88.214.75','[]','2019-12-27 16:28:56','2019-12-27 16:28:56'),
	(210,1,'admin/asd','GET','223.88.214.75','[]','2019-12-27 16:28:57','2019-12-27 16:28:57'),
	(211,1,'admin/users','GET','47.56.14.35','[]','2019-12-27 16:28:59','2019-12-27 16:28:59'),
	(212,1,'admin/asd','GET','47.56.14.35','[]','2019-12-27 16:29:00','2019-12-27 16:29:00'),
	(213,1,'admin/auth/setting','GET','223.88.214.75','{\"_pjax\":\"#pjax-container\"}','2019-12-27 16:29:10','2019-12-27 16:29:10'),
	(214,1,'admin/auth/logout','GET','223.88.214.75','{\"_pjax\":\"#pjax-container\"}','2019-12-27 16:29:18','2019-12-27 16:29:18'),
	(215,1,'admin/asd','GET','47.56.14.35','[]','2019-12-27 16:29:46','2019-12-27 16:29:46'),
	(216,1,'admin','GET','223.88.214.75','[]','2019-12-27 16:29:48','2019-12-27 16:29:48'),
	(217,1,'admin/users','GET','223.88.214.75','[]','2019-12-27 16:29:48','2019-12-27 16:29:48'),
	(218,1,'admin/asd','GET','223.88.214.75','[]','2019-12-27 16:29:50','2019-12-27 16:29:50'),
	(219,1,'admin/deposits','GET','47.56.14.35','{\"_pjax\":\"#pjax-container\"}','2019-12-27 16:29:59','2019-12-27 16:29:59'),
	(220,1,'admin/asd','GET','47.56.14.35','[]','2019-12-27 16:30:03','2019-12-27 16:30:03'),
	(221,1,'admin/auth/users','GET','223.88.214.75','{\"_pjax\":\"#pjax-container\"}','2019-12-27 16:30:05','2019-12-27 16:30:05'),
	(222,1,'admin/auth/users/create','GET','223.88.214.75','{\"_pjax\":\"#pjax-container\"}','2019-12-27 16:30:09','2019-12-27 16:30:09'),
	(223,1,'admin/_handle_action_','POST','47.56.14.35','{\"_key\":\"3\",\"_model\":\"App_Deposit\",\"_token\":\"ufmy5LjdW0M2CIGHnzHCLalaFhnneb8Cpu4lZNWR\",\"_action\":\"App_Admin_Actions_Deposit_ReviewDeposit\",\"_input\":\"true\"}','2019-12-27 16:30:09','2019-12-27 16:30:09'),
	(224,1,'admin/deposits','GET','47.56.14.35','{\"_pjax\":\"#pjax-container\"}','2019-12-27 16:30:09','2019-12-27 16:30:09'),
	(225,1,'admin/_handle_action_','POST','47.56.14.35','{\"_key\":\"4\",\"_model\":\"App_Deposit\",\"_token\":\"ufmy5LjdW0M2CIGHnzHCLalaFhnneb8Cpu4lZNWR\",\"_action\":\"App_Admin_Actions_Deposit_ReviewDeposit\",\"_input\":\"true\"}','2019-12-27 16:30:13','2019-12-27 16:30:13'),
	(226,1,'admin/deposits','GET','47.56.14.35','{\"_pjax\":\"#pjax-container\"}','2019-12-27 16:30:14','2019-12-27 16:30:14'),
	(227,1,'admin/auth/users','GET','223.88.217.10','{\"_pjax\":\"#pjax-container\"}','2019-12-27 16:30:31','2019-12-27 16:30:31'),
	(228,1,'admin/configs','GET','47.56.14.35','{\"_pjax\":\"#pjax-container\"}','2019-12-27 16:30:44','2019-12-27 16:30:44'),
	(229,1,'admin/asd','GET','47.56.14.35','[]','2019-12-27 16:30:47','2019-12-27 16:30:47'),
	(230,1,'admin/deposits','GET','47.56.14.35','{\"_pjax\":\"#pjax-container\"}','2019-12-27 16:30:55','2019-12-27 16:30:55'),
	(231,1,'admin/_handle_action_','POST','47.56.14.35','{\"_key\":\"1\",\"_model\":\"App_Deposit\",\"_token\":\"ufmy5LjdW0M2CIGHnzHCLalaFhnneb8Cpu4lZNWR\",\"_action\":\"App_Admin_Actions_Deposit_ReviewDeposit\",\"_input\":\"true\"}','2019-12-27 16:31:00','2019-12-27 16:31:00'),
	(232,1,'admin/deposits','GET','47.56.14.35','{\"_pjax\":\"#pjax-container\"}','2019-12-27 16:31:01','2019-12-27 16:31:01'),
	(233,1,'admin/configs','GET','47.56.14.35','{\"_pjax\":\"#pjax-container\"}','2019-12-27 16:31:04','2019-12-27 16:31:04'),
	(234,1,'admin/asd','GET','223.88.214.184','[]','2019-12-27 16:31:06','2019-12-27 16:31:06'),
	(235,1,'admin/auth/users/1/edit','GET','223.88.214.184','{\"_pjax\":\"#pjax-container\"}','2019-12-27 16:31:10','2019-12-27 16:31:10'),
	(236,1,'admin/configs','GET','47.56.14.35','{\"_pjax\":\"#pjax-container\",\"page\":\"2\"}','2019-12-27 16:31:12','2019-12-27 16:31:12'),
	(237,1,'admin/auth/users','GET','223.88.214.184','{\"_pjax\":\"#pjax-container\"}','2019-12-27 16:31:28','2019-12-27 16:31:28'),
	(238,1,'admin/configs/31/edit','GET','47.56.14.35','{\"_pjax\":\"#pjax-container\"}','2019-12-27 16:31:33','2019-12-27 16:31:33'),
	(239,1,'admin/configs/31','PUT','47.56.14.35','{\"name\":\"display_days\",\"value\":\"3\",\"description\":\"APP\\u7684\\u63d0\\u73b0\\u8bb0\\u5f55\\u548c\\u4ea4\\u6613\\u8bb0\\u5f55\\u9ed8\\u8ba4\\u663e\\u793a\\u5929\\u6570(\\u6574\\u6570) \\u5355\\u4f4d\\u5929\",\"_token\":\"ufmy5LjdW0M2CIGHnzHCLalaFhnneb8Cpu4lZNWR\",\"_method\":\"PUT\",\"_previous_\":\"http:\\/\\/pay.s5388.xyz\\/admin\\/configs?&page=2\"}','2019-12-27 16:31:39','2019-12-27 16:31:39'),
	(240,1,'admin/configs','GET','47.56.14.35','{\"page\":\"2\"}','2019-12-27 16:31:39','2019-12-27 16:31:39'),
	(241,1,'admin/asd','GET','47.56.14.35','[]','2019-12-27 16:31:47','2019-12-27 16:31:47'),
	(242,1,'admin/configs','GET','47.56.14.35','{\"page\":\"1\",\"_pjax\":\"#pjax-container\"}','2019-12-27 16:32:07','2019-12-27 16:32:07'),
	(243,1,'admin/asd','GET','223.88.217.223','[]','2019-12-27 16:32:07','2019-12-27 16:32:07'),
	(244,1,'admin/auth/users/create','GET','223.88.217.223','{\"_pjax\":\"#pjax-container\"}','2019-12-27 16:32:16','2019-12-27 16:32:16'),
	(245,1,'admin/configs','GET','47.56.14.35','{\"_pjax\":\"#pjax-container\",\"page\":\"2\"}','2019-12-27 16:32:31','2019-12-27 16:32:31'),
	(246,1,'admin/asd','GET','47.56.14.35','[]','2019-12-27 16:32:47','2019-12-27 16:32:47'),
	(247,1,'admin/configs','GET','47.56.14.35','{\"_pjax\":\"#pjax-container\",\"page\":\"1\"}','2019-12-27 16:32:48','2019-12-27 16:32:48'),
	(248,1,'admin/auth/users','GET','223.88.215.61','{\"_pjax\":\"#pjax-container\"}','2019-12-27 16:32:52','2019-12-27 16:32:52'),
	(249,1,'admin/auth/users/1/edit','GET','223.88.215.61','{\"_pjax\":\"#pjax-container\"}','2019-12-27 16:32:55','2019-12-27 16:32:55'),
	(250,1,'admin/configs/15/edit','GET','47.56.14.35','{\"_pjax\":\"#pjax-container\"}','2019-12-27 16:33:02','2019-12-27 16:33:02'),
	(251,1,'admin/configs','GET','47.56.14.35','{\"_pjax\":\"#pjax-container\"}','2019-12-27 16:33:10','2019-12-27 16:33:10'),
	(252,1,'admin/helps','GET','47.56.14.35','[]','2019-12-27 16:33:12','2019-12-27 16:33:12'),
	(253,1,'admin/configs/15/edit','GET','47.56.14.35','{\"_pjax\":\"#pjax-container\"}','2019-12-27 16:33:26','2019-12-27 16:33:26'),
	(254,1,'admin/configs','GET','47.56.14.35','{\"_pjax\":\"#pjax-container\"}','2019-12-27 16:33:31','2019-12-27 16:33:31'),
	(255,1,'admin/configs/10/edit','GET','47.56.14.35','{\"_pjax\":\"#pjax-container\"}','2019-12-27 16:33:44','2019-12-27 16:33:44'),
	(256,1,'admin/asd','GET','47.56.14.35','[]','2019-12-27 16:33:48','2019-12-27 16:33:48'),
	(257,1,'admin/configs','GET','47.56.14.35','{\"_pjax\":\"#pjax-container\"}','2019-12-27 16:33:48','2019-12-27 16:33:48'),
	(258,1,'admin/configs/9/edit','GET','47.56.14.35','{\"_pjax\":\"#pjax-container\"}','2019-12-27 16:33:54','2019-12-27 16:33:54'),
	(259,1,'admin/configs/9','PUT','47.56.14.35','{\"name\":\"stop\",\"value\":\"OK\",\"description\":\"\\u662f\\u5426\\u6682\\u505c\\u4ea4\\u6613 true \\u4e3a\\u6682\\u505c \\u5426\\u5219\\u4e3a\\u6b63\\u5e38\",\"_token\":\"ufmy5LjdW0M2CIGHnzHCLalaFhnneb8Cpu4lZNWR\",\"_method\":\"PUT\",\"_previous_\":\"http:\\/\\/pay.s5388.xyz\\/admin\\/configs\"}','2019-12-27 16:33:59','2019-12-27 16:33:59'),
	(260,1,'admin/configs','GET','47.56.14.35','[]','2019-12-27 16:33:59','2019-12-27 16:33:59'),
	(261,1,'admin/configs','GET','47.56.14.35','{\"page\":\"2\",\"_pjax\":\"#pjax-container\"}','2019-12-27 16:34:15','2019-12-27 16:34:15'),
	(262,1,'admin/configs','GET','223.88.214.190','[]','2019-12-27 16:34:17','2019-12-27 16:34:17'),
	(263,1,'admin/asd','GET','223.88.214.190','[]','2019-12-27 16:34:18','2019-12-27 16:34:18'),
	(264,1,'admin/asd','GET','47.56.14.35','[]','2019-12-27 16:34:48','2019-12-27 16:34:48'),
	(265,1,'admin/configs/27/edit','GET','47.56.14.35','{\"_pjax\":\"#pjax-container\"}','2019-12-27 16:34:55','2019-12-27 16:34:55'),
	(266,1,'admin/asd','GET','223.88.214.190','[]','2019-12-27 16:35:18','2019-12-27 16:35:18'),
	(267,1,'admin/asd','GET','223.88.214.190','[]','2019-12-27 16:36:20','2019-12-27 16:36:20'),
	(268,1,'admin/configs/27/edit','GET','27.24.215.40','[]','2019-12-27 16:36:30','2019-12-27 16:36:30'),
	(269,1,'admin/asd','GET','27.24.215.40','[]','2019-12-27 16:36:35','2019-12-27 16:36:35'),
	(270,1,'admin/user-amounts','GET','27.24.215.40','{\"_pjax\":\"#pjax-container\"}','2019-12-27 16:36:53','2019-12-27 16:36:53'),
	(271,1,'admin/user-amounts/create','GET','27.24.215.40','{\"_pjax\":\"#pjax-container\"}','2019-12-27 16:37:02','2019-12-27 16:37:02'),
	(272,1,'admin/auth/users','GET','223.88.214.190','{\"_pjax\":\"#pjax-container\"}','2019-12-27 16:37:16','2019-12-27 16:37:16'),
	(273,1,'admin/auth/users/create','GET','223.88.214.190','{\"_pjax\":\"#pjax-container\"}','2019-12-27 16:37:18','2019-12-27 16:37:18'),
	(274,1,'admin/user-amounts','POST','27.24.215.40','{\"user_id\":\"5\",\"amount\":\"5000\",\"type\":\"1\",\"_token\":\"iw90HwJ2f4pjgK3HX0Jve8lfYali1YHy2LMuIjaF\",\"_previous_\":\"http:\\/\\/pay.videovip.pw\\/admin\\/user-amounts\"}','2019-12-27 16:37:18','2019-12-27 16:37:18'),
	(275,1,'admin/user-amounts','GET','27.24.215.40','[]','2019-12-27 16:37:20','2019-12-27 16:37:20'),
	(276,1,'admin/asd','GET','223.88.214.190','[]','2019-12-27 16:37:20','2019-12-27 16:37:20'),
	(277,1,'admin/user-amounts/create','GET','27.24.215.40','{\"_pjax\":\"#pjax-container\"}','2019-12-27 16:37:23','2019-12-27 16:37:23'),
	(278,1,'admin/user-amounts','POST','27.24.215.40','{\"user_id\":\"3\",\"amount\":\"5000\",\"type\":\"1\",\"_token\":\"iw90HwJ2f4pjgK3HX0Jve8lfYali1YHy2LMuIjaF\",\"_previous_\":\"http:\\/\\/pay.videovip.pw\\/admin\\/user-amounts\"}','2019-12-27 16:37:29','2019-12-27 16:37:29'),
	(279,1,'admin/user-amounts','GET','27.24.215.40','[]','2019-12-27 16:37:29','2019-12-27 16:37:29'),
	(280,1,'admin/auth/users','POST','223.88.214.190','{\"username\":\"administrator\",\"name\":\"administrator\",\"password\":\"administrator\",\"password_confirmation\":\"administrator\",\"roles\":[\"1\",null],\"permissions\":[null],\"_token\":\"KHWvFkmPmnwXuGAcQFUT2MbzdwCdNHTaYYMPIbuq\",\"_previous_\":\"http:\\/\\/pay.videovip.pw\\/admin\\/auth\\/users\"}','2019-12-27 16:37:35','2019-12-27 16:37:35'),
	(281,1,'admin/asd','GET','27.24.215.40','[]','2019-12-27 16:37:35','2019-12-27 16:37:35'),
	(282,1,'admin/auth/users','GET','223.88.214.190','[]','2019-12-27 16:37:36','2019-12-27 16:37:36'),
	(283,1,'admin/auth/logout','GET','223.88.214.190','{\"_pjax\":\"#pjax-container\"}','2019-12-27 16:37:43','2019-12-27 16:37:43'),
	(284,2,'admin','GET','223.88.214.190','[]','2019-12-27 16:37:47','2019-12-27 16:37:47'),
	(285,2,'admin/users','GET','223.88.214.190','[]','2019-12-27 16:37:56','2019-12-27 16:37:56'),
	(286,2,'admin/asd','GET','223.88.214.190','[]','2019-12-27 16:37:57','2019-12-27 16:37:57'),
	(287,2,'admin/withdraws','GET','223.88.214.190','{\"_pjax\":\"#pjax-container\"}','2019-12-27 16:38:02','2019-12-27 16:38:02'),
	(288,1,'admin/asd','GET','27.24.215.40','[]','2019-12-27 16:38:37','2019-12-27 16:38:37'),
	(289,2,'admin/withdraws','GET','223.88.214.190','{\"_pjax\":\"#pjax-container\"}','2019-12-27 16:38:43','2019-12-27 16:38:43'),
	(290,1,'admin/deposits','GET','27.24.215.40','{\"_pjax\":\"#pjax-container\"}','2019-12-27 16:38:44','2019-12-27 16:38:44'),
	(291,2,'admin/deposits','GET','223.88.214.190','{\"_pjax\":\"#pjax-container\"}','2019-12-27 16:38:54','2019-12-27 16:38:54'),
	(292,2,'admin/asd','GET','223.88.214.190','[]','2019-12-27 16:38:57','2019-12-27 16:38:57'),
	(293,2,'admin/withdraws','GET','223.88.214.190','{\"_pjax\":\"#pjax-container\"}','2019-12-27 16:39:05','2019-12-27 16:39:05'),
	(294,1,'admin/deposits','GET','27.24.215.40','{\"_pjax\":\"#pjax-container\"}','2019-12-27 16:39:28','2019-12-27 16:39:28'),
	(295,1,'admin/_handle_action_','POST','27.24.215.40','{\"_key\":\"5\",\"_model\":\"App_Deposit\",\"_token\":\"iw90HwJ2f4pjgK3HX0Jve8lfYali1YHy2LMuIjaF\",\"_action\":\"App_Admin_Actions_Deposit_ReviewDeposit\",\"_input\":\"true\"}','2019-12-27 16:39:35','2019-12-27 16:39:35'),
	(296,1,'admin/deposits','GET','27.24.215.40','{\"_pjax\":\"#pjax-container\"}','2019-12-27 16:39:35','2019-12-27 16:39:35'),
	(297,1,'admin/asd','GET','27.24.215.40','[]','2019-12-27 16:39:37','2019-12-27 16:39:37'),
	(298,1,'admin/deposits','GET','27.24.215.40','{\"_pjax\":\"#pjax-container\"}','2019-12-27 16:39:46','2019-12-27 16:39:46'),
	(299,2,'admin/asd','GET','223.88.214.190','[]','2019-12-27 16:39:58','2019-12-27 16:39:58'),
	(300,1,'admin/deposits','GET','27.24.215.40','{\"_pjax\":\"#pjax-container\"}','2019-12-27 16:40:04','2019-12-27 16:40:04'),
	(301,1,'admin/_handle_action_','POST','27.24.215.40','{\"_key\":\"6\",\"_model\":\"App_Deposit\",\"_token\":\"iw90HwJ2f4pjgK3HX0Jve8lfYali1YHy2LMuIjaF\",\"_action\":\"App_Admin_Actions_Deposit_ReviewDeposit\",\"_input\":\"true\"}','2019-12-27 16:40:09','2019-12-27 16:40:09'),
	(302,1,'admin/deposits','GET','27.24.215.40','{\"_pjax\":\"#pjax-container\"}','2019-12-27 16:40:09','2019-12-27 16:40:09'),
	(303,1,'admin/asd','GET','27.24.215.40','[]','2019-12-27 16:40:37','2019-12-27 16:40:37'),
	(304,1,'admin/configs','GET','27.24.215.40','{\"_pjax\":\"#pjax-container\"}','2019-12-27 16:40:56','2019-12-27 16:40:56'),
	(305,2,'admin/asd','GET','223.88.214.190','[]','2019-12-27 16:40:59','2019-12-27 16:40:59'),
	(306,1,'admin/configs','GET','27.24.215.40','{\"_pjax\":\"#pjax-container\",\"page\":\"2\"}','2019-12-27 16:41:13','2019-12-27 16:41:13'),
	(307,1,'admin/configs/37/edit','GET','27.24.215.40','{\"_pjax\":\"#pjax-container\"}','2019-12-27 16:41:31','2019-12-27 16:41:31'),
	(308,1,'admin/asd','GET','27.24.215.40','[]','2019-12-27 16:41:38','2019-12-27 16:41:38'),
	(309,1,'admin/configs/37','PUT','27.24.215.40','{\"name\":\"interval\",\"value\":\"3\",\"description\":\"\\u6253\\u6b3e\\u548c\\u786e\\u8ba4\\u6536\\u6b3e\\u65f6\\u95f4\\u4e0d\\u80fd\\u5c0f\\u4e8e N \\u5206\\u949f\",\"_token\":\"iw90HwJ2f4pjgK3HX0Jve8lfYali1YHy2LMuIjaF\",\"_method\":\"PUT\",\"_previous_\":\"http:\\/\\/pay.videovip.pw\\/admin\\/configs?&page=2\"}','2019-12-27 16:41:47','2019-12-27 16:41:47'),
	(310,1,'admin/configs','GET','27.24.215.40','{\"page\":\"2\"}','2019-12-27 16:41:47','2019-12-27 16:41:47'),
	(311,1,'admin/configs/36/edit','GET','27.24.215.40','{\"_pjax\":\"#pjax-container\"}','2019-12-27 16:41:56','2019-12-27 16:41:56'),
	(312,2,'admin/asd','GET','223.88.214.190','[]','2019-12-27 16:41:59','2019-12-27 16:41:59'),
	(313,1,'admin/configs','GET','27.24.215.40','{\"_pjax\":\"#pjax-container\"}','2019-12-27 16:42:21','2019-12-27 16:42:21'),
	(314,1,'admin/asd','GET','27.24.215.40','[]','2019-12-27 16:42:38','2019-12-27 16:42:38'),
	(315,2,'admin/users','GET','223.88.214.190','{\"_pjax\":\"#pjax-container\"}','2019-12-27 16:42:50','2019-12-27 16:42:50'),
	(316,2,'admin/asd','GET','223.88.214.190','[]','2019-12-27 16:42:59','2019-12-27 16:42:59'),
	(317,1,'admin/asd','GET','27.24.215.40','[]','2019-12-27 16:43:39','2019-12-27 16:43:39'),
	(318,2,'admin/asd','GET','223.88.214.170','[]','2019-12-27 16:44:30','2019-12-27 16:44:30'),
	(319,1,'admin/asd','GET','27.24.215.40','[]','2019-12-27 16:44:41','2019-12-27 16:44:41'),
	(320,1,'admin/asd','GET','27.24.215.40','[]','2019-12-27 16:45:42','2019-12-27 16:45:42'),
	(321,2,'admin/asd','GET','223.88.217.140','[]','2019-12-27 16:45:50','2019-12-27 16:45:50'),
	(322,1,'admin/user-amounts','GET','27.24.215.40','{\"_pjax\":\"#pjax-container\"}','2019-12-27 16:45:57','2019-12-27 16:45:57'),
	(323,1,'admin/user-amounts/create','GET','27.24.215.40','{\"_pjax\":\"#pjax-container\"}','2019-12-27 16:45:58','2019-12-27 16:45:58'),
	(324,1,'admin/user-amounts','POST','27.24.215.40','{\"user_id\":\"3\",\"amount\":\"5000\",\"type\":\"1\",\"_token\":\"iw90HwJ2f4pjgK3HX0Jve8lfYali1YHy2LMuIjaF\",\"_previous_\":\"http:\\/\\/pay.videovip.pw\\/admin\\/user-amounts\"}','2019-12-27 16:46:05','2019-12-27 16:46:05'),
	(325,1,'admin/user-amounts','GET','27.24.215.40','[]','2019-12-27 16:46:05','2019-12-27 16:46:05'),
	(326,2,'admin/withdraws','GET','223.88.217.140','{\"_pjax\":\"#pjax-container\"}','2019-12-27 16:46:30','2019-12-27 16:46:30'),
	(327,1,'admin/asd','GET','27.24.215.40','[]','2019-12-27 16:46:42','2019-12-27 16:46:42'),
	(328,2,'admin/asd','GET','223.88.217.140','[]','2019-12-27 16:46:51','2019-12-27 16:46:51'),
	(329,1,'admin/withdraws','GET','27.24.215.40','{\"_pjax\":\"#pjax-container\"}','2019-12-27 16:47:06','2019-12-27 16:47:06'),
	(330,1,'admin/withdraws','GET','27.24.215.40','{\"_pjax\":\"#pjax-container\",\"order_no\":null,\"payer\":{\"name\":null},\"name\":null,\"status\":\"1\",\"finished_at\":{\"start\":null,\"end\":null}}','2019-12-27 16:47:12','2019-12-27 16:47:12'),
	(331,1,'admin/withdraws','GET','27.24.215.40','{\"_pjax\":\"#pjax-container\",\"order_no\":null,\"payer\":{\"name\":null},\"name\":null,\"status\":\"2\",\"finished_at\":{\"start\":null,\"end\":null}}','2019-12-27 16:47:16','2019-12-27 16:47:16'),
	(332,1,'admin/asd','GET','27.24.215.40','[]','2019-12-27 16:47:43','2019-12-27 16:47:43'),
	(333,2,'admin/asd','GET','223.88.217.140','[]','2019-12-27 16:47:51','2019-12-27 16:47:51'),
	(334,2,'admin/helps','GET','223.88.217.140','{\"_pjax\":\"#pjax-container\"}','2019-12-27 16:48:19','2019-12-27 16:48:19'),
	(335,2,'admin/helps','GET','223.88.217.140','{\"_pjax\":\"#pjax-container\"}','2019-12-27 16:48:31','2019-12-27 16:48:31'),
	(336,1,'admin/asd','GET','27.24.215.40','[]','2019-12-27 16:48:43','2019-12-27 16:48:43'),
	(337,2,'admin/helps','GET','223.88.217.140','{\"_pjax\":\"#pjax-container\"}','2019-12-27 16:48:51','2019-12-27 16:48:51'),
	(338,2,'admin/asd','GET','223.88.217.140','[]','2019-12-27 16:48:52','2019-12-27 16:48:52'),
	(339,1,'admin/withdraws','GET','27.24.215.40','{\"_pjax\":\"#pjax-container\",\"order_no\":null,\"payer\":{\"name\":null},\"name\":null,\"status\":\"0\",\"finished_at\":{\"start\":null,\"end\":null}}','2019-12-27 16:49:29','2019-12-27 16:49:29'),
	(340,1,'admin/asd','GET','27.24.215.40','[]','2019-12-27 16:49:43','2019-12-27 16:49:43'),
	(341,2,'admin/asd','GET','223.88.217.140','[]','2019-12-27 16:49:53','2019-12-27 16:49:53'),
	(342,2,'admin/auth/users','GET','223.88.217.140','{\"_pjax\":\"#pjax-container\"}','2019-12-27 16:50:23','2019-12-27 16:50:23'),
	(343,2,'admin/auth/users/2/edit','GET','223.88.217.140','{\"_pjax\":\"#pjax-container\"}','2019-12-27 16:50:34','2019-12-27 16:50:34'),
	(344,1,'admin/asd','GET','27.24.215.40','[]','2019-12-27 16:50:44','2019-12-27 16:50:44'),
	(345,2,'admin/asd','GET','223.88.217.140','[]','2019-12-27 16:50:53','2019-12-27 16:50:53'),
	(346,1,'admin','GET','47.56.14.35','[]','2019-12-27 16:50:55','2019-12-27 16:50:55'),
	(347,2,'admin/auth/users/2','PUT','223.88.217.140','{\"username\":\"admin1\",\"name\":\"administrator\",\"password\":\"admin1\",\"password_confirmation\":\"admin1\",\"roles\":[\"1\",null],\"permissions\":[null],\"_token\":\"15w7GdCNC6GVsofLZ3AFOIfIU1rlRRFUzzpm9LIQ\",\"_method\":\"PUT\",\"_previous_\":\"http:\\/\\/pay.videovip.pw\\/admin\\/auth\\/users\"}','2019-12-27 16:50:55','2019-12-27 16:50:55'),
	(348,1,'admin/users','GET','47.56.14.35','[]','2019-12-27 16:50:56','2019-12-27 16:50:56'),
	(349,2,'admin/auth/users','GET','223.88.217.140','[]','2019-12-27 16:50:56','2019-12-27 16:50:56'),
	(350,1,'admin/asd','GET','47.56.14.35','[]','2019-12-27 16:50:57','2019-12-27 16:50:57'),
	(351,2,'admin/auth/users','GET','223.88.217.140','[]','2019-12-27 16:50:58','2019-12-27 16:50:58'),
	(352,1,'admin/configs','GET','47.56.14.35','{\"_pjax\":\"#pjax-container\"}','2019-12-27 16:50:59','2019-12-27 16:50:59'),
	(353,1,'admin/configs','GET','47.56.14.35','{\"_pjax\":\"#pjax-container\",\"page\":\"2\"}','2019-12-27 16:51:01','2019-12-27 16:51:01'),
	(354,2,'admin/asd','GET','223.88.217.140','[]','2019-12-27 16:51:12','2019-12-27 16:51:12'),
	(355,1,'admin/asd','GET','27.24.215.40','[]','2019-12-27 16:51:44','2019-12-27 16:51:44'),
	(356,1,'admin/asd','GET','47.56.14.35','[]','2019-12-27 16:51:57','2019-12-27 16:51:57'),
	(357,2,'admin/withdraws','GET','223.88.217.140','{\"_pjax\":\"#pjax-container\"}','2019-12-27 16:52:07','2019-12-27 16:52:07'),
	(358,2,'admin/asd','GET','223.88.217.140','[]','2019-12-27 16:52:13','2019-12-27 16:52:13'),
	(359,1,'admin/withdraws','GET','27.24.215.40','{\"_pjax\":\"#pjax-container\"}','2019-12-27 16:52:39','2019-12-27 16:52:39'),
	(360,1,'admin/withdraws','GET','27.24.215.40','{\"_pjax\":\"#pjax-container\",\"order_no\":null,\"payer\":{\"name\":null},\"name\":null,\"status\":\"1\",\"finished_at\":{\"start\":null,\"end\":null}}','2019-12-27 16:52:44','2019-12-27 16:52:44'),
	(361,1,'admin/asd','GET','27.24.215.40','[]','2019-12-27 16:52:45','2019-12-27 16:52:45'),
	(362,1,'admin/asd','GET','47.56.14.35','[]','2019-12-27 16:52:59','2019-12-27 16:52:59'),
	(363,1,'admin/withdraws','GET','27.24.215.40','{\"_pjax\":\"#pjax-container\"}','2019-12-27 16:53:07','2019-12-27 16:53:07'),
	(364,2,'admin/asd','GET','223.88.217.140','[]','2019-12-27 16:53:14','2019-12-27 16:53:14'),
	(365,1,'admin/asd','GET','27.24.215.40','[]','2019-12-27 16:53:45','2019-12-27 16:53:45'),
	(366,1,'admin/asd','GET','47.56.14.35','[]','2019-12-27 16:53:59','2019-12-27 16:53:59'),
	(367,2,'admin/asd','GET','223.88.217.140','[]','2019-12-27 16:54:17','2019-12-27 16:54:17'),
	(368,1,'admin/asd','GET','27.24.215.40','[]','2019-12-27 16:54:46','2019-12-27 16:54:46'),
	(369,1,'admin/asd','GET','47.56.14.35','[]','2019-12-27 16:55:00','2019-12-27 16:55:00'),
	(370,2,'admin/withdraws','GET','223.88.217.140','{\"_pjax\":\"#pjax-container\"}','2019-12-27 16:55:10','2019-12-27 16:55:10'),
	(371,2,'admin/asd','GET','223.88.217.140','[]','2019-12-27 16:55:17','2019-12-27 16:55:17'),
	(372,1,'admin/media','GET','47.56.14.35','{\"_pjax\":\"#pjax-container\"}','2019-12-27 16:55:28','2019-12-27 16:55:28'),
	(373,1,'admin/asd','GET','27.24.215.40','[]','2019-12-27 16:55:47','2019-12-27 16:55:47'),
	(374,1,'admin/asd','GET','47.56.14.35','[]','2019-12-27 16:56:02','2019-12-27 16:56:02'),
	(375,2,'admin/asd','GET','223.88.217.140','[]','2019-12-27 16:56:20','2019-12-27 16:56:20'),
	(376,1,'admin/asd','GET','27.24.215.40','[]','2019-12-27 16:56:48','2019-12-27 16:56:48'),
	(377,1,'admin/asd','GET','47.56.14.35','[]','2019-12-27 16:57:03','2019-12-27 16:57:03'),
	(378,2,'admin/asd','GET','223.88.217.140','[]','2019-12-27 16:57:21','2019-12-27 16:57:21'),
	(379,1,'admin/asd','GET','27.24.215.40','[]','2019-12-27 16:57:49','2019-12-27 16:57:49'),
	(380,1,'admin/media/upload','POST','47.56.14.35','{\"dir\":\"\\/\",\"_token\":\"HxboOr14IJULxI5NoHwYAxZoxIx1bqcsJc9LBvrZ\"}','2019-12-27 16:57:50','2019-12-27 16:57:50'),
	(381,1,'admin/media','GET','47.56.14.35','[]','2019-12-27 16:57:50','2019-12-27 16:57:50'),
	(382,1,'admin/media/delete','DELETE','47.56.14.35','{\"files\":[\"3.0.0.apk\"],\"_token\":\"HxboOr14IJULxI5NoHwYAxZoxIx1bqcsJc9LBvrZ\"}','2019-12-27 16:58:01','2019-12-27 16:58:01'),
	(383,1,'admin/media','GET','47.56.14.35','{\"_pjax\":\"#pjax-container\"}','2019-12-27 16:58:01','2019-12-27 16:58:01'),
	(384,1,'admin/asd','GET','47.56.14.35','[]','2019-12-27 16:58:03','2019-12-27 16:58:03'),
	(385,1,'admin/media/move','PUT','47.56.14.35','{\"path\":\"66666.apk\",\"new\":\"3.0.0.apk\",\"_token\":\"HxboOr14IJULxI5NoHwYAxZoxIx1bqcsJc9LBvrZ\"}','2019-12-27 16:58:09','2019-12-27 16:58:09'),
	(386,1,'admin/media','GET','47.56.14.35','{\"_pjax\":\"#pjax-container\"}','2019-12-27 16:58:09','2019-12-27 16:58:09'),
	(387,2,'admin/asd','GET','223.88.217.140','[]','2019-12-27 16:58:22','2019-12-27 16:58:22'),
	(388,1,'admin/media','GET','47.56.14.35','{\"_pjax\":\"#pjax-container\"}','2019-12-27 16:58:29','2019-12-27 16:58:29'),
	(389,1,'admin/asd','GET','27.24.215.40','[]','2019-12-27 16:58:50','2019-12-27 16:58:50'),
	(390,2,'admin/asd','GET','223.88.217.140','[]','2019-12-27 16:59:23','2019-12-27 16:59:23'),
	(391,1,'admin/asd','GET','27.24.215.40','[]','2019-12-27 16:59:51','2019-12-27 16:59:51'),
	(392,2,'admin/asd','GET','223.88.217.140','[]','2019-12-27 17:00:23','2019-12-27 17:00:23'),
	(393,1,'admin/asd','GET','27.24.215.40','[]','2019-12-27 17:00:54','2019-12-27 17:00:54'),
	(394,2,'admin/asd','GET','223.88.217.140','[]','2019-12-27 17:01:24','2019-12-27 17:01:24'),
	(395,1,'admin/asd','GET','27.24.215.40','[]','2019-12-27 17:01:55','2019-12-27 17:01:55'),
	(396,2,'admin/asd','GET','223.88.217.140','[]','2019-12-27 17:02:25','2019-12-27 17:02:25'),
	(397,1,'admin/asd','GET','27.24.215.40','[]','2019-12-27 17:02:56','2019-12-27 17:02:56'),
	(398,2,'admin/asd','GET','223.88.217.140','[]','2019-12-27 17:03:25','2019-12-27 17:03:25'),
	(399,2,'admin/users','GET','223.88.217.140','{\"_pjax\":\"#pjax-container\"}','2019-12-27 17:03:49','2019-12-27 17:03:49'),
	(400,1,'admin/asd','GET','27.24.215.40','[]','2019-12-27 17:03:58','2019-12-27 17:03:58'),
	(401,2,'admin/asd','GET','223.88.217.140','[]','2019-12-27 17:04:25','2019-12-27 17:04:25'),
	(402,1,'admin/asd','GET','27.24.215.40','[]','2019-12-27 17:04:59','2019-12-27 17:04:59'),
	(403,2,'admin/asd','GET','223.88.217.140','[]','2019-12-27 17:05:26','2019-12-27 17:05:26'),
	(404,2,'admin/deposits','GET','223.88.217.140','{\"_pjax\":\"#pjax-container\"}','2019-12-27 17:06:01','2019-12-27 17:06:01'),
	(405,1,'admin/asd','GET','27.24.215.40','[]','2019-12-27 17:06:01','2019-12-27 17:06:01'),
	(406,2,'admin/_handle_action_','POST','223.88.217.140','{\"_key\":\"7\",\"_model\":\"App_Deposit\",\"_token\":\"15w7GdCNC6GVsofLZ3AFOIfIU1rlRRFUzzpm9LIQ\",\"_action\":\"App_Admin_Actions_Deposit_ReviewDeposit\",\"_input\":\"true\"}','2019-12-27 17:06:06','2019-12-27 17:06:06'),
	(407,2,'admin/deposits','GET','223.88.217.140','{\"_pjax\":\"#pjax-container\"}','2019-12-27 17:06:07','2019-12-27 17:06:07'),
	(408,2,'admin/withdraws','GET','223.88.217.140','{\"_pjax\":\"#pjax-container\"}','2019-12-27 17:06:22','2019-12-27 17:06:22'),
	(409,2,'admin/asd','GET','223.88.217.140','[]','2019-12-27 17:06:27','2019-12-27 17:06:27'),
	(410,1,'admin/asd','GET','27.24.215.40','[]','2019-12-27 17:07:03','2019-12-27 17:07:03'),
	(411,2,'admin/asd','GET','223.88.217.140','[]','2019-12-27 17:07:27','2019-12-27 17:07:27'),
	(412,1,'admin/media','GET','47.56.14.35','[]','2019-12-27 17:07:37','2019-12-27 17:07:37'),
	(413,1,'admin/asd','GET','47.56.14.35','[]','2019-12-27 17:07:38','2019-12-27 17:07:38'),
	(414,1,'admin/users','GET','47.56.14.35','{\"_pjax\":\"#pjax-container\"}','2019-12-27 17:07:42','2019-12-27 17:07:42'),
	(415,1,'admin/user-amounts','GET','47.56.14.35','{\"_pjax\":\"#pjax-container\"}','2019-12-27 17:07:49','2019-12-27 17:07:49'),
	(416,1,'admin/withdraws','GET','47.56.14.35','{\"_pjax\":\"#pjax-container\"}','2019-12-27 17:07:51','2019-12-27 17:07:51'),
	(417,1,'admin/withdraws','GET','47.56.14.35','{\"_pjax\":\"#pjax-container\"}','2019-12-27 17:07:52','2019-12-27 17:07:52'),
	(418,1,'admin/asd','GET','27.24.215.40','[]','2019-12-27 17:08:04','2019-12-27 17:08:04'),
	(419,2,'admin/asd','GET','223.88.217.140','[]','2019-12-27 17:08:28','2019-12-27 17:08:28'),
	(420,1,'admin/user-amounts','GET','27.24.215.40','{\"_pjax\":\"#pjax-container\"}','2019-12-27 17:08:31','2019-12-27 17:08:31'),
	(421,1,'admin/users','GET','27.24.215.40','{\"_pjax\":\"#pjax-container\"}','2019-12-27 17:08:34','2019-12-27 17:08:34'),
	(422,1,'admin/asd','GET','47.56.14.35','[]','2019-12-27 17:08:38','2019-12-27 17:08:38'),
	(423,1,'admin/users','GET','47.56.14.35','{\"_pjax\":\"#pjax-container\"}','2019-12-27 17:08:40','2019-12-27 17:08:40'),
	(424,1,'admin/user-amounts','GET','27.24.215.40','{\"_pjax\":\"#pjax-container\"}','2019-12-27 17:08:43','2019-12-27 17:08:43'),
	(425,1,'admin/user-amounts/create','GET','27.24.215.40','{\"_pjax\":\"#pjax-container\"}','2019-12-27 17:08:47','2019-12-27 17:08:47'),
	(426,1,'admin/user-amounts','POST','27.24.215.40','{\"user_id\":\"7\",\"amount\":\"5000\",\"type\":\"1\",\"_token\":\"iw90HwJ2f4pjgK3HX0Jve8lfYali1YHy2LMuIjaF\",\"_previous_\":\"http:\\/\\/pay.videovip.pw\\/admin\\/user-amounts\"}','2019-12-27 17:08:55','2019-12-27 17:08:55'),
	(427,1,'admin/user-amounts','GET','27.24.215.40','[]','2019-12-27 17:08:55','2019-12-27 17:08:55'),
	(428,1,'admin/asd','GET','27.24.215.40','[]','2019-12-27 17:09:04','2019-12-27 17:09:04'),
	(429,1,'admin/users','GET','27.24.215.40','{\"_pjax\":\"#pjax-container\"}','2019-12-27 17:09:07','2019-12-27 17:09:07'),
	(430,1,'admin/user-amounts','GET','27.24.215.40','{\"_pjax\":\"#pjax-container\"}','2019-12-27 17:09:13','2019-12-27 17:09:13'),
	(431,1,'admin/user-amounts/create','GET','27.24.215.40','{\"_pjax\":\"#pjax-container\"}','2019-12-27 17:09:16','2019-12-27 17:09:16'),
	(432,1,'admin/user-amounts','POST','27.24.215.40','{\"user_id\":\"6\",\"amount\":\"5000\",\"type\":\"1\",\"_token\":\"iw90HwJ2f4pjgK3HX0Jve8lfYali1YHy2LMuIjaF\",\"_previous_\":\"http:\\/\\/pay.videovip.pw\\/admin\\/user-amounts\"}','2019-12-27 17:09:22','2019-12-27 17:09:22'),
	(433,1,'admin/user-amounts','GET','27.24.215.40','[]','2019-12-27 17:09:23','2019-12-27 17:09:23'),
	(434,1,'admin/users','GET','27.24.215.40','{\"_pjax\":\"#pjax-container\"}','2019-12-27 17:09:26','2019-12-27 17:09:26'),
	(435,2,'admin/asd','GET','223.88.217.140','[]','2019-12-27 17:09:28','2019-12-27 17:09:28'),
	(436,1,'admin/asd','GET','47.56.14.35','[]','2019-12-27 17:09:39','2019-12-27 17:09:39'),
	(437,1,'admin/user-amounts','GET','27.24.215.40','{\"_pjax\":\"#pjax-container\"}','2019-12-27 17:09:40','2019-12-27 17:09:40'),
	(438,1,'admin/user-amounts/create','GET','27.24.215.40','{\"_pjax\":\"#pjax-container\"}','2019-12-27 17:09:44','2019-12-27 17:09:44'),
	(439,1,'admin/user-amounts','POST','27.24.215.40','{\"user_id\":\"5\",\"amount\":\"5000\",\"type\":\"1\",\"_token\":\"iw90HwJ2f4pjgK3HX0Jve8lfYali1YHy2LMuIjaF\",\"_previous_\":\"http:\\/\\/pay.videovip.pw\\/admin\\/user-amounts\"}','2019-12-27 17:09:50','2019-12-27 17:09:50'),
	(440,1,'admin/user-amounts','GET','27.24.215.40','[]','2019-12-27 17:09:50','2019-12-27 17:09:50'),
	(441,1,'admin/asd','GET','27.24.215.40','[]','2019-12-27 17:10:05','2019-12-27 17:10:05'),
	(442,2,'admin/asd','GET','223.88.217.140','[]','2019-12-27 17:10:29','2019-12-27 17:10:29'),
	(443,1,'admin/asd','GET','47.56.14.35','[]','2019-12-27 17:10:40','2019-12-27 17:10:40');

/*!40000 ALTER TABLE `admin_operation_log` ENABLE KEYS */;
UNLOCK TABLES;


# Dump of table admin_permissions
# ------------------------------------------------------------

DROP TABLE IF EXISTS `admin_permissions`;

CREATE TABLE `admin_permissions` (
  `id` int(10) unsigned NOT NULL AUTO_INCREMENT,
  `name` varchar(50) CHARACTER SET utf8mb4 COLLATE utf8mb4_unicode_ci NOT NULL,
  `slug` varchar(50) CHARACTER SET utf8mb4 COLLATE utf8mb4_unicode_ci NOT NULL,
  `http_method` varchar(255) CHARACTER SET utf8mb4 COLLATE utf8mb4_unicode_ci DEFAULT NULL,
  `http_path` text CHARACTER SET utf8mb4 COLLATE utf8mb4_unicode_ci,
  `created_at` timestamp NULL DEFAULT NULL,
  `updated_at` timestamp NULL DEFAULT NULL,
  PRIMARY KEY (`id`),
  UNIQUE KEY `admin_permissions_name_unique` (`name`),
  UNIQUE KEY `admin_permissions_slug_unique` (`slug`)
) ENGINE=InnoDB DEFAULT CHARSET=utf8mb4 COLLATE=utf8mb4_unicode_ci;

LOCK TABLES `admin_permissions` WRITE;
/*!40000 ALTER TABLE `admin_permissions` DISABLE KEYS */;

INSERT INTO `admin_permissions` (`id`, `name`, `slug`, `http_method`, `http_path`, `created_at`, `updated_at`)
VALUES
	(1,'All permission','*','','*',NULL,NULL),
	(2,'Dashboard','dashboard','GET','/',NULL,NULL),
	(3,'Login','auth.login','','/auth/login\r\n/auth/logout',NULL,NULL),
	(4,'User setting','auth.setting','GET,PUT','/auth/setting',NULL,NULL),
	(5,'Auth management','auth.management','','/auth/roles\r\n/auth/permissions\r\n/auth/menu\r\n/auth/logs',NULL,NULL),
	(6,'BANKS列表','banks.list','GET','','2019-10-08 09:57:19','2019-10-08 09:57:19'),
	(7,'BANKS查看','banks.view','GET','/banks/*','2019-10-08 09:57:19','2019-10-08 09:57:19'),
	(8,'BANKS创建','banks.create','POST','/banks','2019-10-08 09:57:19','2019-10-08 09:57:19'),
	(9,'BANKS编辑','banks.edit','PUT,PATCH','/banks/*','2019-10-08 09:57:19','2019-10-08 09:57:19'),
	(10,'BANKS删除','banks.delete','DELETE','/banks/*','2019-10-08 09:57:19','2019-10-08 09:57:19'),
	(11,'BANKS导出','banks.export','GET','','2019-10-08 09:57:19','2019-10-08 09:57:19'),
	(12,'BANKS筛选','banks.filter','','','2019-10-08 09:57:19','2019-10-08 09:57:19'),
	(13,'DEPOSITS列表','deposits.list','GET','','2019-10-08 09:57:19','2019-10-08 09:57:19'),
	(14,'DEPOSITS查看','deposits.view','GET','/deposits/*','2019-10-08 09:57:19','2019-10-08 09:57:19'),
	(15,'DEPOSITS创建','deposits.create','POST','/deposits','2019-10-08 09:57:19','2019-10-08 09:57:19'),
	(16,'DEPOSITS编辑','deposits.edit','PUT,PATCH','/deposits/*','2019-10-08 09:57:19','2019-10-08 09:57:19'),
	(17,'DEPOSITS删除','deposits.delete','DELETE','/deposits/*','2019-10-08 09:57:19','2019-10-08 09:57:19'),
	(18,'DEPOSITS导出','deposits.export','GET','','2019-10-08 09:57:19','2019-10-08 09:57:19'),
	(19,'DEPOSITS筛选','deposits.filter','','','2019-10-08 09:57:19','2019-10-08 09:57:19'),
	(20,'MIGRATIONS列表','migrations.list','GET','','2019-10-08 09:57:19','2019-10-08 09:57:19'),
	(21,'MIGRATIONS查看','migrations.view','GET','/migrations/*','2019-10-08 09:57:19','2019-10-08 09:57:19'),
	(22,'MIGRATIONS创建','migrations.create','POST','/migrations','2019-10-08 09:57:19','2019-10-08 09:57:19'),
	(23,'MIGRATIONS编辑','migrations.edit','PUT,PATCH','/migrations/*','2019-10-08 09:57:19','2019-10-08 09:57:19'),
	(24,'MIGRATIONS删除','migrations.delete','DELETE','/migrations/*','2019-10-08 09:57:19','2019-10-08 09:57:19'),
	(25,'MIGRATIONS导出','migrations.export','GET','','2019-10-08 09:57:19','2019-10-08 09:57:19'),
	(26,'MIGRATIONS筛选','migrations.filter','','','2019-10-08 09:57:19','2019-10-08 09:57:19'),
	(27,'OAUTH-ACCESS-TOKENS列表','oauth-access-tokens.list','GET','','2019-10-08 09:57:19','2019-10-08 09:57:19'),
	(28,'OAUTH-ACCESS-TOKENS查看','oauth-access-tokens.view','GET','/oauth-access-tokens/*','2019-10-08 09:57:19','2019-10-08 09:57:19'),
	(29,'OAUTH-ACCESS-TOKENS创建','oauth-access-tokens.create','POST','/oauth-access-tokens','2019-10-08 09:57:19','2019-10-08 09:57:19'),
	(30,'OAUTH-ACCESS-TOKENS编辑','oauth-access-tokens.edit','PUT,PATCH','/oauth-access-tokens/*','2019-10-08 09:57:19','2019-10-08 09:57:19'),
	(31,'OAUTH-ACCESS-TOKENS删除','oauth-access-tokens.delete','DELETE','/oauth-access-tokens/*','2019-10-08 09:57:19','2019-10-08 09:57:19'),
	(32,'OAUTH-ACCESS-TOKENS导出','oauth-access-tokens.export','GET','','2019-10-08 09:57:19','2019-10-08 09:57:19'),
	(33,'OAUTH-ACCESS-TOKENS筛选','oauth-access-tokens.filter','','','2019-10-08 09:57:19','2019-10-08 09:57:19'),
	(34,'OAUTH-AUTH-CODES列表','oauth-auth-codes.list','GET','','2019-10-08 09:57:19','2019-10-08 09:57:19'),
	(35,'OAUTH-AUTH-CODES查看','oauth-auth-codes.view','GET','/oauth-auth-codes/*','2019-10-08 09:57:19','2019-10-08 09:57:19'),
	(36,'OAUTH-AUTH-CODES创建','oauth-auth-codes.create','POST','/oauth-auth-codes','2019-10-08 09:57:19','2019-10-08 09:57:19'),
	(37,'OAUTH-AUTH-CODES编辑','oauth-auth-codes.edit','PUT,PATCH','/oauth-auth-codes/*','2019-10-08 09:57:19','2019-10-08 09:57:19'),
	(38,'OAUTH-AUTH-CODES删除','oauth-auth-codes.delete','DELETE','/oauth-auth-codes/*','2019-10-08 09:57:19','2019-10-08 09:57:19'),
	(39,'OAUTH-AUTH-CODES导出','oauth-auth-codes.export','GET','','2019-10-08 09:57:19','2019-10-08 09:57:19'),
	(40,'OAUTH-AUTH-CODES筛选','oauth-auth-codes.filter','','','2019-10-08 09:57:19','2019-10-08 09:57:19'),
	(41,'OAUTH-CLIENTS列表','oauth-clients.list','GET','','2019-10-08 09:57:19','2019-10-08 09:57:19'),
	(42,'OAUTH-CLIENTS查看','oauth-clients.view','GET','/oauth-clients/*','2019-10-08 09:57:19','2019-10-08 09:57:19'),
	(43,'OAUTH-CLIENTS创建','oauth-clients.create','POST','/oauth-clients','2019-10-08 09:57:19','2019-10-08 09:57:19'),
	(44,'OAUTH-CLIENTS编辑','oauth-clients.edit','PUT,PATCH','/oauth-clients/*','2019-10-08 09:57:19','2019-10-08 09:57:19'),
	(45,'OAUTH-CLIENTS删除','oauth-clients.delete','DELETE','/oauth-clients/*','2019-10-08 09:57:19','2019-10-08 09:57:19'),
	(46,'OAUTH-CLIENTS导出','oauth-clients.export','GET','','2019-10-08 09:57:19','2019-10-08 09:57:19'),
	(47,'OAUTH-CLIENTS筛选','oauth-clients.filter','','','2019-10-08 09:57:19','2019-10-08 09:57:19'),
	(48,'OAUTH-PERSONAL-ACCESS-CLIENTS列表','oauth-personal-access-clients.list','GET','','2019-10-08 09:57:19','2019-10-08 09:57:19'),
	(49,'OAUTH-PERSONAL-ACCESS-CLIENTS查看','oauth-personal-access-clients.view','GET','/oauth-personal-access-clients/*','2019-10-08 09:57:19','2019-10-08 09:57:19'),
	(50,'OAUTH-PERSONAL-ACCESS-CLIENTS创建','oauth-personal-access-clients.create','POST','/oauth-personal-access-clients','2019-10-08 09:57:19','2019-10-08 09:57:19'),
	(51,'OAUTH-PERSONAL-ACCESS-CLIENTS编辑','oauth-personal-access-clients.edit','PUT,PATCH','/oauth-personal-access-clients/*','2019-10-08 09:57:19','2019-10-08 09:57:19'),
	(52,'OAUTH-PERSONAL-ACCESS-CLIENTS删除','oauth-personal-access-clients.delete','DELETE','/oauth-personal-access-clients/*','2019-10-08 09:57:19','2019-10-08 09:57:19'),
	(53,'OAUTH-PERSONAL-ACCESS-CLIENTS导出','oauth-personal-access-clients.export','GET','','2019-10-08 09:57:19','2019-10-08 09:57:19'),
	(54,'OAUTH-PERSONAL-ACCESS-CLIENTS筛选','oauth-personal-access-clients.filter','','','2019-10-08 09:57:19','2019-10-08 09:57:19'),
	(55,'OAUTH-REFRESH-TOKENS列表','oauth-refresh-tokens.list','GET','','2019-10-08 09:57:19','2019-10-08 09:57:19'),
	(56,'OAUTH-REFRESH-TOKENS查看','oauth-refresh-tokens.view','GET','/oauth-refresh-tokens/*','2019-10-08 09:57:19','2019-10-08 09:57:19'),
	(57,'OAUTH-REFRESH-TOKENS创建','oauth-refresh-tokens.create','POST','/oauth-refresh-tokens','2019-10-08 09:57:19','2019-10-08 09:57:19'),
	(58,'OAUTH-REFRESH-TOKENS编辑','oauth-refresh-tokens.edit','PUT,PATCH','/oauth-refresh-tokens/*','2019-10-08 09:57:19','2019-10-08 09:57:19'),
	(59,'OAUTH-REFRESH-TOKENS删除','oauth-refresh-tokens.delete','DELETE','/oauth-refresh-tokens/*','2019-10-08 09:57:19','2019-10-08 09:57:19'),
	(60,'OAUTH-REFRESH-TOKENS导出','oauth-refresh-tokens.export','GET','','2019-10-08 09:57:19','2019-10-08 09:57:19'),
	(61,'OAUTH-REFRESH-TOKENS筛选','oauth-refresh-tokens.filter','','','2019-10-08 09:57:19','2019-10-08 09:57:19'),
	(62,'PASSWORD-RESETS列表','password-resets.list','GET','','2019-10-08 09:57:19','2019-10-08 09:57:19'),
	(63,'PASSWORD-RESETS查看','password-resets.view','GET','/password-resets/*','2019-10-08 09:57:19','2019-10-08 09:57:19'),
	(64,'PASSWORD-RESETS创建','password-resets.create','POST','/password-resets','2019-10-08 09:57:19','2019-10-08 09:57:19'),
	(65,'PASSWORD-RESETS编辑','password-resets.edit','PUT,PATCH','/password-resets/*','2019-10-08 09:57:19','2019-10-08 09:57:19'),
	(66,'PASSWORD-RESETS删除','password-resets.delete','DELETE','/password-resets/*','2019-10-08 09:57:19','2019-10-08 09:57:19'),
	(67,'PASSWORD-RESETS导出','password-resets.export','GET','','2019-10-08 09:57:19','2019-10-08 09:57:19'),
	(68,'PASSWORD-RESETS筛选','password-resets.filter','','','2019-10-08 09:57:19','2019-10-08 09:57:19'),
	(69,'USERS列表','users.list','GET','','2019-10-08 09:57:19','2019-10-08 09:57:19'),
	(70,'USERS查看','users.view','GET','/users/*','2019-10-08 09:57:19','2019-10-08 09:57:19'),
	(71,'USERS创建','users.create','POST','/users','2019-10-08 09:57:19','2019-10-08 09:57:19'),
	(72,'USERS编辑','users.edit','PUT,PATCH','/users/*','2019-10-08 09:57:19','2019-10-08 09:57:19'),
	(73,'USERS删除','users.delete','DELETE','/users/*','2019-10-08 09:57:19','2019-10-08 09:57:19'),
	(74,'USERS导出','users.export','GET','','2019-10-08 09:57:19','2019-10-08 09:57:19'),
	(75,'USERS筛选','users.filter','','','2019-10-08 09:57:19','2019-10-08 09:57:19'),
	(76,'Admin Config','ext.config',NULL,'/config*','2019-10-08 10:02:12','2019-10-08 10:02:12'),
	(77,'Redis Manager','ext.redis-manager',NULL,'/redis*','2019-12-27 14:35:00','2019-12-27 14:35:00');

/*!40000 ALTER TABLE `admin_permissions` ENABLE KEYS */;
UNLOCK TABLES;


# Dump of table admin_role_menu
# ------------------------------------------------------------

DROP TABLE IF EXISTS `admin_role_menu`;

CREATE TABLE `admin_role_menu` (
  `role_id` int(11) NOT NULL,
  `menu_id` int(11) NOT NULL,
  `created_at` timestamp NULL DEFAULT NULL,
  `updated_at` timestamp NULL DEFAULT NULL,
  KEY `admin_role_menu_role_id_menu_id_index` (`role_id`,`menu_id`)
) ENGINE=InnoDB DEFAULT CHARSET=utf8mb4 COLLATE=utf8mb4_unicode_ci;

LOCK TABLES `admin_role_menu` WRITE;
/*!40000 ALTER TABLE `admin_role_menu` DISABLE KEYS */;

INSERT INTO `admin_role_menu` (`role_id`, `menu_id`, `created_at`, `updated_at`)
VALUES
	(1,2,NULL,NULL);

/*!40000 ALTER TABLE `admin_role_menu` ENABLE KEYS */;
UNLOCK TABLES;


# Dump of table admin_role_permissions
# ------------------------------------------------------------

DROP TABLE IF EXISTS `admin_role_permissions`;

CREATE TABLE `admin_role_permissions` (
  `role_id` int(11) NOT NULL,
  `permission_id` int(11) NOT NULL,
  `created_at` timestamp NULL DEFAULT NULL,
  `updated_at` timestamp NULL DEFAULT NULL,
  KEY `admin_role_permissions_role_id_permission_id_index` (`role_id`,`permission_id`)
) ENGINE=InnoDB DEFAULT CHARSET=utf8mb4 COLLATE=utf8mb4_unicode_ci;

LOCK TABLES `admin_role_permissions` WRITE;
/*!40000 ALTER TABLE `admin_role_permissions` DISABLE KEYS */;

INSERT INTO `admin_role_permissions` (`role_id`, `permission_id`, `created_at`, `updated_at`)
VALUES
	(1,1,NULL,NULL);

/*!40000 ALTER TABLE `admin_role_permissions` ENABLE KEYS */;
UNLOCK TABLES;


# Dump of table admin_role_users
# ------------------------------------------------------------

DROP TABLE IF EXISTS `admin_role_users`;

CREATE TABLE `admin_role_users` (
  `role_id` int(11) NOT NULL,
  `user_id` int(11) NOT NULL,
  `created_at` timestamp NULL DEFAULT NULL,
  `updated_at` timestamp NULL DEFAULT NULL,
  KEY `admin_role_users_role_id_user_id_index` (`role_id`,`user_id`)
) ENGINE=InnoDB DEFAULT CHARSET=utf8mb4 COLLATE=utf8mb4_unicode_ci;

LOCK TABLES `admin_role_users` WRITE;
/*!40000 ALTER TABLE `admin_role_users` DISABLE KEYS */;

INSERT INTO `admin_role_users` (`role_id`, `user_id`, `created_at`, `updated_at`)
VALUES
	(1,1,NULL,NULL),
	(1,2,NULL,NULL);

/*!40000 ALTER TABLE `admin_role_users` ENABLE KEYS */;
UNLOCK TABLES;


# Dump of table admin_roles
# ------------------------------------------------------------

DROP TABLE IF EXISTS `admin_roles`;

CREATE TABLE `admin_roles` (
  `id` int(10) unsigned NOT NULL AUTO_INCREMENT,
  `name` varchar(50) CHARACTER SET utf8mb4 COLLATE utf8mb4_unicode_ci NOT NULL,
  `slug` varchar(50) CHARACTER SET utf8mb4 COLLATE utf8mb4_unicode_ci NOT NULL,
  `created_at` timestamp NULL DEFAULT NULL,
  `updated_at` timestamp NULL DEFAULT NULL,
  PRIMARY KEY (`id`),
  UNIQUE KEY `admin_roles_name_unique` (`name`),
  UNIQUE KEY `admin_roles_slug_unique` (`slug`)
) ENGINE=InnoDB DEFAULT CHARSET=utf8mb4 COLLATE=utf8mb4_unicode_ci;

LOCK TABLES `admin_roles` WRITE;
/*!40000 ALTER TABLE `admin_roles` DISABLE KEYS */;

INSERT INTO `admin_roles` (`id`, `name`, `slug`, `created_at`, `updated_at`)
VALUES
	(1,'Administrator','administrator','2019-10-08 09:56:52','2019-10-08 09:56:52');

/*!40000 ALTER TABLE `admin_roles` ENABLE KEYS */;
UNLOCK TABLES;


# Dump of table admin_user_permissions
# ------------------------------------------------------------

DROP TABLE IF EXISTS `admin_user_permissions`;

CREATE TABLE `admin_user_permissions` (
  `user_id` int(11) NOT NULL,
  `permission_id` int(11) NOT NULL,
  `created_at` timestamp NULL DEFAULT NULL,
  `updated_at` timestamp NULL DEFAULT NULL,
  KEY `admin_user_permissions_user_id_permission_id_index` (`user_id`,`permission_id`)
) ENGINE=InnoDB DEFAULT CHARSET=utf8mb4 COLLATE=utf8mb4_unicode_ci;



# Dump of table admin_users
# ------------------------------------------------------------

DROP TABLE IF EXISTS `admin_users`;

CREATE TABLE `admin_users` (
  `id` int(10) unsigned NOT NULL AUTO_INCREMENT,
  `username` varchar(190) CHARACTER SET utf8mb4 COLLATE utf8mb4_unicode_ci NOT NULL,
  `password` varchar(60) CHARACTER SET utf8mb4 COLLATE utf8mb4_unicode_ci NOT NULL,
  `name` varchar(255) CHARACTER SET utf8mb4 COLLATE utf8mb4_unicode_ci NOT NULL,
  `avatar` varchar(255) CHARACTER SET utf8mb4 COLLATE utf8mb4_unicode_ci DEFAULT NULL,
  `remember_token` varchar(100) CHARACTER SET utf8mb4 COLLATE utf8mb4_unicode_ci DEFAULT NULL,
  `created_at` timestamp NULL DEFAULT NULL,
  `updated_at` timestamp NULL DEFAULT NULL,
  PRIMARY KEY (`id`),
  UNIQUE KEY `admin_users_username_unique` (`username`)
) ENGINE=InnoDB DEFAULT CHARSET=utf8mb4 COLLATE=utf8mb4_unicode_ci;

LOCK TABLES `admin_users` WRITE;
/*!40000 ALTER TABLE `admin_users` DISABLE KEYS */;

INSERT INTO `admin_users` (`id`, `username`, `password`, `name`, `avatar`, `remember_token`, `created_at`, `updated_at`)
VALUES
	(1,'admin','$2y$10$dUaaRx.O1MCaV3NehZkqHORmQBEhftcCcM9uJsG07eFPAc45r562i','Administrator',NULL,'OboUUhnqCzoadck0kVGoAzgMi4AHUPJ8eRWfXXNQGB8Fw2qnpzNElBpWfoC1','2019-10-08 09:56:52','2019-11-29 22:30:38'),
	(2,'admin1','$2y$10$d8HArFJpmnuWqqgTJ/w1DeX8cRs6cQOJLkR7EuwlOXkpTV158Fd5a','administrator','images/user2-160x160.jpg','X6wA68IN5nrjx6m60gA3FdrSOs5ILwqrjf0D4jNQd3OFgsebwftrF00BfFNT','2019-12-27 16:37:35','2019-12-27 16:50:55');

/*!40000 ALTER TABLE `admin_users` ENABLE KEYS */;
UNLOCK TABLES;


# Dump of table banks
# ------------------------------------------------------------

DROP TABLE IF EXISTS `banks`;

CREATE TABLE `banks` (
  `id` int(10) unsigned NOT NULL AUTO_INCREMENT,
  `status` tinyint(4) NOT NULL DEFAULT '1' COMMENT '状态',
  `bank_name` varchar(50) CHARACTER SET utf8mb4 COLLATE utf8mb4_unicode_ci NOT NULL COMMENT '银行名称',
  `bank_code` varchar(32) CHARACTER SET utf8mb4 COLLATE utf8mb4_unicode_ci DEFAULT '' COMMENT '银行编码',
  `icon` varchar(255) CHARACTER SET utf8mb4 COLLATE utf8mb4_unicode_ci NOT NULL DEFAULT '' COMMENT '银行logo',
  `background` varchar(255) CHARACTER SET utf8mb4 COLLATE utf8mb4_unicode_ci DEFAULT NULL COMMENT '银行卡背景',
  `created_at` timestamp NULL DEFAULT NULL,
  `updated_at` timestamp NULL DEFAULT NULL,
  PRIMARY KEY (`id`)
) ENGINE=InnoDB DEFAULT CHARSET=utf8mb4 COLLATE=utf8mb4_unicode_ci;

LOCK TABLES `banks` WRITE;
/*!40000 ALTER TABLE `banks` DISABLE KEYS */;

INSERT INTO `banks` (`id`, `status`, `bank_name`, `bank_code`, `icon`, `background`, `created_at`, `updated_at`)
VALUES
	(1,1,'中国农业银行','','images/nonghang1.png',NULL,'2019-10-11 10:23:33','2019-10-15 16:03:19'),
	(2,1,'中国工商银行','','images/gonghang1.png',NULL,'2019-10-11 10:24:47','2019-10-15 16:03:09'),
	(3,1,'中国建设银行','','images/jianhang1.png',NULL,'2019-10-11 10:25:48','2019-10-15 16:04:15'),
	(4,1,'邮政储蓄银行','','images/youzheng1.png',NULL,'2019-10-11 10:27:04','2019-10-15 16:02:46'),
	(5,1,'中国银行','','images/zhongguoyhang1.png',NULL,'2019-10-11 10:28:05','2019-10-15 16:02:36'),
	(6,1,'招商银行','','images/zhaoshang1.png',NULL,'2019-10-11 10:29:02','2019-10-15 16:02:24'),
	(7,1,'交通银行','','images/jiaotong1.png',NULL,'2019-10-11 10:30:10','2019-10-15 16:04:02'),
	(8,1,'华夏银行','','images/huaxia1.png',NULL,'2019-10-11 10:31:59','2019-10-15 16:02:02'),
	(9,1,'中信银行','','images/zhongxin.png',NULL,'2019-10-11 10:33:48','2019-10-15 16:01:11'),
	(11,1,'浦发银行','','images/timg.png',NULL,'2019-12-03 02:44:47','2019-12-03 02:44:47');

/*!40000 ALTER TABLE `banks` ENABLE KEYS */;
UNLOCK TABLES;


# Dump of table complaints
# ------------------------------------------------------------

DROP TABLE IF EXISTS `complaints`;

CREATE TABLE `complaints` (
  `id` bigint(20) unsigned NOT NULL AUTO_INCREMENT,
  `user_id` int(10) unsigned NOT NULL,
  `withdraw_id` int(11) unsigned NOT NULL COMMENT '提现单ID',
  `content` text CHARACTER SET utf8mb4 COLLATE utf8mb4_unicode_ci NOT NULL COMMENT '内容',
  `replay` text CHARACTER SET utf8mb4 COLLATE utf8mb4_unicode_ci COMMENT '回复',
  `type` int(11) NOT NULL DEFAULT '0' COMMENT '类型1:我付款的单子；2:我提现的单子',
  `status` int(11) NOT NULL DEFAULT '0' COMMENT '状态0:待受理；1:客服处理中;2:交易正常;3:交易取消',
  `created_at` timestamp NULL DEFAULT NULL,
  `updated_at` timestamp NULL DEFAULT NULL,
  PRIMARY KEY (`id`)
) ENGINE=InnoDB DEFAULT CHARSET=utf8mb4 COLLATE=utf8mb4_unicode_ci;



# Dump of table deposit_withdraws
# ------------------------------------------------------------

DROP TABLE IF EXISTS `deposit_withdraws`;

CREATE TABLE `deposit_withdraws` (
  `id` bigint(20) unsigned NOT NULL AUTO_INCREMENT,
  `user_id` int(10) unsigned NOT NULL,
  `withdraw_amount` decimal(20,2) NOT NULL COMMENT '提现金额',
  `operation_fee` decimal(20,2) NOT NULL COMMENT '平台运营手续费',
  `name` varchar(255) CHARACTER SET utf8mb4 COLLATE utf8mb4_unicode_ci NOT NULL COMMENT '收款人',
  `bankname` varchar(255) CHARACTER SET utf8mb4 COLLATE utf8mb4_unicode_ci NOT NULL COMMENT '开户银行',
  `bankcard` varchar(255) CHARACTER SET utf8mb4 COLLATE utf8mb4_unicode_ci NOT NULL COMMENT '银行卡号',
  `images` text CHARACTER SET utf8mb4 COLLATE utf8mb4_unicode_ci COMMENT '图片',
  `remarks` varchar(255) CHARACTER SET utf8mb4 COLLATE utf8mb4_unicode_ci DEFAULT NULL COMMENT '备注',
  `status` int(11) NOT NULL DEFAULT '0' COMMENT '状态0:已申请；1已完成',
  `payment_at` timestamp NULL DEFAULT NULL COMMENT '确认付款时间',
  `created_at` timestamp NULL DEFAULT NULL,
  `updated_at` timestamp NULL DEFAULT NULL,
  PRIMARY KEY (`id`),
  UNIQUE KEY `deposit_withdraws_user_id_unique` (`user_id`)
) ENGINE=InnoDB DEFAULT CHARSET=utf8mb4 COLLATE=utf8mb4_unicode_ci;



# Dump of table deposits
# ------------------------------------------------------------

DROP TABLE IF EXISTS `deposits`;

CREATE TABLE `deposits` (
  `id` bigint(20) unsigned NOT NULL AUTO_INCREMENT,
  `user_id` int(10) unsigned NOT NULL,
  `amount` int(11) NOT NULL COMMENT '金额',
  `name` varchar(255) CHARACTER SET utf8mb4 COLLATE utf8mb4_unicode_ci NOT NULL COMMENT '收款人',
  `bankname` varchar(255) CHARACTER SET utf8mb4 COLLATE utf8mb4_unicode_ci NOT NULL COMMENT '开户银行',
  `bankcard` varchar(255) CHARACTER SET utf8mb4 COLLATE utf8mb4_unicode_ci NOT NULL DEFAULT '' COMMENT '银行卡号',
  `remitter` varchar(255) CHARACTER SET utf8mb4 COLLATE utf8mb4_unicode_ci NOT NULL DEFAULT '' COMMENT '汇款人',
  `images` text CHARACTER SET utf8mb4 COLLATE utf8mb4_unicode_ci NOT NULL COMMENT '图片',
  `status` int(11) NOT NULL DEFAULT '0' COMMENT '状态0:待审核；1:已确认',
  `created_at` timestamp NULL DEFAULT NULL,
  `updated_at` timestamp NULL DEFAULT NULL,
  PRIMARY KEY (`id`)
) ENGINE=InnoDB DEFAULT CHARSET=utf8mb4 COLLATE=utf8mb4_unicode_ci;

LOCK TABLES `deposits` WRITE;
/*!40000 ALTER TABLE `deposits` DISABLE KEYS */;

INSERT INTO `deposits` (`id`, `user_id`, `amount`, `name`, `bankname`, `bankcard`, `remitter`, `images`, `status`, `created_at`, `updated_at`)
VALUES
	(1,1,50000,'杨涛','招商银行','6214837321873451','BBB','[\"2019_12_27\\/91bd813e1edf0e161c50d0f23089f2e85571.jpg\"]',1,'2019-12-27 14:23:29','2019-12-27 16:31:00'),
	(2,2,2000,'杨涛','招商银行','6214837321873451','才饭','[\"2019_12_27\\/1e83bccc57bf7accf2891be7479c82356703.jpg\"]',1,'2019-12-27 16:18:53','2019-12-27 16:19:40'),
	(3,5,2000,'杨涛','招商银行','6214837321873451','秦火火','[\"2019_12_27\\/eb34fb327a33135d69aee3e65acf3f219099.jpg\"]',1,'2019-12-27 16:29:28','2019-12-27 16:30:09'),
	(4,3,2000,'杨涛','招商银行','6214837321873451','就好好','[\"2019_12_27\\/239df69161180d52def0b90c81cff9eb2651.jpg\"]',1,'2019-12-27 16:29:55','2019-12-27 16:30:13'),
	(5,4,2100,'杨涛','招商银行','6214837321873451','枸杞','[\"2019_12_27\\/f966c9a8530af76424d342babec353753571.jpg\"]',1,'2019-12-27 16:39:24','2019-12-27 16:39:35'),
	(6,6,2000,'杨涛','招商银行','6214837321873451','抠门','[\"2019_12_27\\/0a1a1ef1bada97dff33b8f8e8a094bed4341.jpg\"]',1,'2019-12-27 16:39:56','2019-12-27 16:40:09'),
	(7,7,2000,'杨涛','招商银行','6214837321873451','行吧','[\"2019_12_27\\/cde78a8ec2015c69f18eb4545aebc3354975.jpg\"]',1,'2019-12-27 17:05:55','2019-12-27 17:06:06');

/*!40000 ALTER TABLE `deposits` ENABLE KEYS */;
UNLOCK TABLES;


# Dump of table grab_logs
# ------------------------------------------------------------

DROP TABLE IF EXISTS `grab_logs`;

CREATE TABLE `grab_logs` (
  `id` bigint(20) unsigned NOT NULL AUTO_INCREMENT,
  `user_id` int(10) unsigned NOT NULL,
  `order_no` varchar(255) CHARACTER SET utf8mb4 COLLATE utf8mb4_unicode_ci NOT NULL COMMENT '订单号',
  `withdraw_amount` decimal(20,2) NOT NULL COMMENT '提现金额',
  `created_at` timestamp NULL DEFAULT NULL,
  `updated_at` timestamp NULL DEFAULT NULL,
  PRIMARY KEY (`id`)
) ENGINE=InnoDB DEFAULT CHARSET=utf8mb4 COLLATE=utf8mb4_unicode_ci;

LOCK TABLES `grab_logs` WRITE;
/*!40000 ALTER TABLE `grab_logs` DISABLE KEYS */;

INSERT INTO `grab_logs` (`id`, `user_id`, `order_no`, `withdraw_amount`, `created_at`, `updated_at`)
VALUES
	(1,2,'1577435874837265',5000.00,'2019-12-27 16:38:41','2019-12-27 16:38:41'),
	(2,6,'1577435889547319',5000.00,'2019-12-27 16:40:23','2019-12-27 16:40:23'),
	(3,4,'1577436193450899',2000.00,'2019-12-27 16:43:16','2019-12-27 16:43:16'),
	(4,2,'1577436378561065',1000.00,'2019-12-27 16:46:26','2019-12-27 16:46:26'),
	(5,5,'1577436590564273',1000.00,'2019-12-27 16:49:50','2019-12-27 16:49:50'),
	(6,3,'1577436691348702',1100.00,'2019-12-27 16:51:38','2019-12-27 16:51:38'),
	(7,4,'1577436637573238',1000.00,'2019-12-27 16:51:46','2019-12-27 16:51:46');

/*!40000 ALTER TABLE `grab_logs` ENABLE KEYS */;
UNLOCK TABLES;


# Dump of table helps
# ------------------------------------------------------------

DROP TABLE IF EXISTS `helps`;

CREATE TABLE `helps` (
  `id` bigint(20) unsigned NOT NULL AUTO_INCREMENT,
  `title` varchar(255) CHARACTER SET utf8mb4 COLLATE utf8mb4_unicode_ci NOT NULL,
  `content` text CHARACTER SET utf8mb4 COLLATE utf8mb4_unicode_ci NOT NULL,
  `created_at` timestamp NULL DEFAULT NULL,
  `updated_at` timestamp NULL DEFAULT NULL,
  PRIMARY KEY (`id`)
) ENGINE=InnoDB DEFAULT CHARSET=utf8mb4 COLLATE=utf8mb4_unicode_ci;

LOCK TABLES `helps` WRITE;
/*!40000 ALTER TABLE `helps` DISABLE KEYS */;

INSERT INTO `helps` (`id`, `title`, `content`, `created_at`, `updated_at`)
VALUES
	(6,'保证金','保证金是为了束约所有用户行为的风险保障，创造良好的支付环境！','2019-10-16 11:09:54','2019-10-16 11:09:54'),
	(7,'用户必读及注意事项！！！','1.用户抢单，完成打款后忘记上传打款截图或忘记点击我已付款，此时对方无法给您点击确认收款，这种情况下所造成的任何损失均由个人承担！\r\n2.用户抢单，如在30分钟内没有完成打款视为放弃本次订单，该笔订单将在30分钟后自动返回抢单区\r\n3.用户抢单，恶意不打款并上传与该笔订单无关的交易截图视为违规操作行为，将面临账户冻结，封号及相关处罚！！！\r\n4.提现用户收到款项后如未及时点击确认将面临被投诉，账号冻结等风险！\r\n5.提现用户未收到款项，请耐心等待，30分钟后可点击投诉按钮进行申诉\r\n最终解释权归聚财通汇所有！','2019-10-16 11:12:56','2019-11-24 06:33:27'),
	(8,'聚财通汇具体操作说明','1.首先下载并注册app,根据提示完善个人信息;并缴纳保证金\r\n\r\n2.进入抢单区开始抢单，根据订单提示完成打款并上传打款截图点击我已付款按钮\r\n\r\n3.完成打款以后请耐心等待对方给予确认收款\r\n4.完成后即可根据首页可提现金额进行提现，等待对方打款，收到款后及时点击确认收款\r\n最终解释权归聚财通汇所有！','2019-10-16 11:13:20','2019-11-24 06:33:07');

/*!40000 ALTER TABLE `helps` ENABLE KEYS */;
UNLOCK TABLES;


# Dump of table messages
# ------------------------------------------------------------

DROP TABLE IF EXISTS `messages`;

CREATE TABLE `messages` (
  `id` bigint(20) unsigned NOT NULL AUTO_INCREMENT,
  `user_id` int(10) unsigned NOT NULL,
  `title` varchar(255) CHARACTER SET utf8mb4 COLLATE utf8mb4_unicode_ci NOT NULL COMMENT '标题',
  `content` text CHARACTER SET utf8mb4 COLLATE utf8mb4_unicode_ci NOT NULL COMMENT '详情',
  `type` int(11) NOT NULL DEFAULT '0' COMMENT '消息类型',
  `is_read` tinyint(1) NOT NULL DEFAULT '0' COMMENT '是否已读',
  `created_at` timestamp NULL DEFAULT NULL,
  `updated_at` timestamp NULL DEFAULT NULL,
  PRIMARY KEY (`id`)
) ENGINE=InnoDB DEFAULT CHARSET=utf8mb4 COLLATE=utf8mb4_unicode_ci;

LOCK TABLES `messages` WRITE;
/*!40000 ALTER TABLE `messages` DISABLE KEYS */;

INSERT INTO `messages` (`id`, `user_id`, `title`, `content`, `type`, `is_read`, `created_at`, `updated_at`)
VALUES
	(1,5,'提现待确认','您有新的订单待处理，请核实后到提现记录里面确认！',0,0,'2019-12-27 16:38:58','2019-12-27 16:38:58'),
	(2,3,'提现待确认','您有新的订单待处理，请核实后到提现记录里面确认！',0,1,'2019-12-27 16:40:45','2019-12-27 17:03:38'),
	(3,2,'交易确认','您的款项对方已确认！',0,1,'2019-12-27 16:42:29','2019-12-27 16:44:22'),
	(4,6,'交易确认','您的款项对方已确认！',0,0,'2019-12-27 16:43:51','2019-12-27 16:43:51'),
	(5,2,'提现待确认','您有新的订单待处理，请核实后到提现记录里面确认！',0,1,'2019-12-27 16:44:11','2019-12-27 16:44:22'),
	(6,3,'提现待确认','您有新的订单待处理，请核实后到提现记录里面确认！',0,1,'2019-12-27 16:46:35','2019-12-27 17:03:38'),
	(7,4,'交易确认','您的款项对方已确认！',0,0,'2019-12-27 16:48:33','2019-12-27 16:48:33'),
	(8,2,'交易确认','您的款项对方已确认！',0,0,'2019-12-27 16:50:25','2019-12-27 16:50:25'),
	(9,6,'提现待确认','您有新的订单待处理，请核实后到提现记录里面确认！',0,0,'2019-12-27 16:52:00','2019-12-27 16:52:00'),
	(10,3,'交易确认','您的款项对方已确认！',0,0,'2019-12-27 17:07:44','2019-12-27 17:07:44');

/*!40000 ALTER TABLE `messages` ENABLE KEYS */;
UNLOCK TABLES;


# Dump of table migrations
# ------------------------------------------------------------

DROP TABLE IF EXISTS `migrations`;

CREATE TABLE `migrations` (
  `id` int(10) unsigned NOT NULL AUTO_INCREMENT,
  `migration` varchar(255) CHARACTER SET utf8mb4 COLLATE utf8mb4_unicode_ci NOT NULL,
  `batch` int(11) NOT NULL,
  PRIMARY KEY (`id`)
) ENGINE=InnoDB DEFAULT CHARSET=utf8mb4 COLLATE=utf8mb4_unicode_ci;



# Dump of table oauth_access_tokens
# ------------------------------------------------------------

DROP TABLE IF EXISTS `oauth_access_tokens`;

CREATE TABLE `oauth_access_tokens` (
  `id` varchar(100) CHARACTER SET utf8mb4 COLLATE utf8mb4_unicode_ci NOT NULL,
  `user_id` bigint(20) DEFAULT NULL,
  `client_id` int(10) unsigned NOT NULL,
  `name` varchar(255) CHARACTER SET utf8mb4 COLLATE utf8mb4_unicode_ci DEFAULT NULL,
  `scopes` text CHARACTER SET utf8mb4 COLLATE utf8mb4_unicode_ci,
  `revoked` tinyint(1) NOT NULL,
  `created_at` timestamp NULL DEFAULT NULL,
  `updated_at` timestamp NULL DEFAULT NULL,
  `expires_at` datetime DEFAULT NULL,
  PRIMARY KEY (`id`),
  KEY `oauth_access_tokens_user_id_index` (`user_id`)
) ENGINE=InnoDB DEFAULT CHARSET=utf8mb4 COLLATE=utf8mb4_unicode_ci;

LOCK TABLES `oauth_access_tokens` WRITE;
/*!40000 ALTER TABLE `oauth_access_tokens` DISABLE KEYS */;

INSERT INTO `oauth_access_tokens` (`id`, `user_id`, `client_id`, `name`, `scopes`, `revoked`, `created_at`, `updated_at`, `expires_at`)
VALUES
	('0b9e416f55f2894d6b8f110158218bd77c9aeb325293f21800c0d3cd73617766f559c4ee9c59cdfa',1,2,NULL,'[]',0,'2019-12-27 14:02:53','2019-12-27 14:02:53','2020-01-11 14:02:53'),
	('60dfc8dcf7e3b88ad252a1ce2b85518c35d7ee613be0f705f654f5e3dc21adad5b5265057ebecb1a',4,2,NULL,'[]',0,'2019-12-27 16:28:07','2019-12-27 16:28:07','2020-01-11 16:28:07'),
	('6139c042c4d7c04958230e48ec27526dbdedca9c61d152294bdcebaaec5faadd71dd12ed373af947',5,2,NULL,'[]',0,'2019-12-27 16:28:38','2019-12-27 16:28:38','2020-01-11 16:28:38'),
	('63ca6912364bbccf57834ab9edfa682e23a86111b07a1986321d3e1dd4b318e3cd412b759f67aa94',1,2,NULL,'[]',0,'2019-12-27 14:03:44','2019-12-27 14:03:44','2020-01-11 14:03:43'),
	('be8555eab68c27ccd395a08eae80371631c8aab5a161440adebd4f6afb83d6d6b2523eab7a6e95a3',6,2,NULL,'[]',0,'2019-12-27 16:30:56','2019-12-27 16:30:56','2020-01-11 16:30:56'),
	('d2a7af9a2653306639610f75ff7290f6c491e44669a90a56ff77c1a1e7495828f208ccbcf5c53455',1,2,NULL,'[]',0,'2019-12-27 14:01:21','2019-12-27 14:01:21','2020-01-11 14:01:21'),
	('d97d5aa2460a88db35efe5e1a47bed62af2f83a43f856d46b49f6ba54ec0d31b09b4b12cfe75cc27',7,2,NULL,'[]',0,'2019-12-27 17:05:03','2019-12-27 17:05:03','2020-01-11 17:05:03'),
	('e08685442d7a5f9e66d7004d7dc794400b9022313f81d9b719310b393795821275aa15b7f7cce44d',1,2,NULL,'[]',0,'2019-12-27 14:23:02','2019-12-27 14:23:02','2020-01-11 14:23:02'),
	('ec5348179f2c1a96c422b743291f95b73c31ae6b7bc6462f5cb2800c55768902ce69e1b06b71d7d4',3,2,NULL,'[]',0,'2019-12-27 16:27:00','2019-12-27 16:27:00','2020-01-11 16:27:00'),
	('fbf8a9d4ec5d65eef5b237079bf666a14776b9ffa61876b8b269423bb6b456b928f1509bb1feae32',2,2,NULL,'[]',0,'2019-12-27 16:16:54','2019-12-27 16:16:54','2020-01-11 16:16:53');

/*!40000 ALTER TABLE `oauth_access_tokens` ENABLE KEYS */;
UNLOCK TABLES;


# Dump of table oauth_auth_codes
# ------------------------------------------------------------

DROP TABLE IF EXISTS `oauth_auth_codes`;

CREATE TABLE `oauth_auth_codes` (
  `id` varchar(100) CHARACTER SET utf8mb4 COLLATE utf8mb4_unicode_ci NOT NULL,
  `user_id` bigint(20) NOT NULL,
  `client_id` int(10) unsigned NOT NULL,
  `scopes` text CHARACTER SET utf8mb4 COLLATE utf8mb4_unicode_ci,
  `revoked` tinyint(1) NOT NULL,
  `expires_at` datetime DEFAULT NULL,
  PRIMARY KEY (`id`)
) ENGINE=InnoDB DEFAULT CHARSET=utf8mb4 COLLATE=utf8mb4_unicode_ci;



# Dump of table oauth_clients
# ------------------------------------------------------------

DROP TABLE IF EXISTS `oauth_clients`;

CREATE TABLE `oauth_clients` (
  `id` int(10) unsigned NOT NULL AUTO_INCREMENT,
  `user_id` bigint(20) DEFAULT NULL,
  `name` varchar(255) CHARACTER SET utf8mb4 COLLATE utf8mb4_unicode_ci NOT NULL,
  `secret` varchar(100) CHARACTER SET utf8mb4 COLLATE utf8mb4_unicode_ci NOT NULL,
  `redirect` text CHARACTER SET utf8mb4 COLLATE utf8mb4_unicode_ci NOT NULL,
  `personal_access_client` tinyint(1) NOT NULL,
  `password_client` tinyint(1) NOT NULL,
  `revoked` tinyint(1) NOT NULL,
  `created_at` timestamp NULL DEFAULT NULL,
  `updated_at` timestamp NULL DEFAULT NULL,
  PRIMARY KEY (`id`),
  KEY `oauth_clients_user_id_index` (`user_id`)
) ENGINE=InnoDB DEFAULT CHARSET=utf8mb4 COLLATE=utf8mb4_unicode_ci;

LOCK TABLES `oauth_clients` WRITE;
/*!40000 ALTER TABLE `oauth_clients` DISABLE KEYS */;

INSERT INTO `oauth_clients` (`id`, `user_id`, `name`, `secret`, `redirect`, `personal_access_client`, `password_client`, `revoked`, `created_at`, `updated_at`)
VALUES
	(1,NULL,'ERP Personal Access Client','GcOiqdgtCVxg9oRkMQlV5vu41upWUUQP66y8aHXL','http://localhost',1,0,0,'2019-12-27 13:48:08','2019-12-27 13:48:08'),
	(2,NULL,'ERP Password Grant Client','h8nbcZW6Qc8iX31T9kPvSVTT6CcHSA0JCpz7kB7H','http://localhost',0,1,0,'2019-12-27 13:48:08','2019-12-27 13:48:08');

/*!40000 ALTER TABLE `oauth_clients` ENABLE KEYS */;
UNLOCK TABLES;


# Dump of table oauth_personal_access_clients
# ------------------------------------------------------------

DROP TABLE IF EXISTS `oauth_personal_access_clients`;

CREATE TABLE `oauth_personal_access_clients` (
  `id` int(10) unsigned NOT NULL AUTO_INCREMENT,
  `client_id` int(10) unsigned NOT NULL,
  `created_at` timestamp NULL DEFAULT NULL,
  `updated_at` timestamp NULL DEFAULT NULL,
  PRIMARY KEY (`id`),
  KEY `oauth_personal_access_clients_client_id_index` (`client_id`)
) ENGINE=InnoDB DEFAULT CHARSET=utf8mb4 COLLATE=utf8mb4_unicode_ci;

LOCK TABLES `oauth_personal_access_clients` WRITE;
/*!40000 ALTER TABLE `oauth_personal_access_clients` DISABLE KEYS */;

INSERT INTO `oauth_personal_access_clients` (`id`, `client_id`, `created_at`, `updated_at`)
VALUES
	(1,1,'2019-12-27 13:48:08','2019-12-27 13:48:08');

/*!40000 ALTER TABLE `oauth_personal_access_clients` ENABLE KEYS */;
UNLOCK TABLES;


# Dump of table oauth_refresh_tokens
# ------------------------------------------------------------

DROP TABLE IF EXISTS `oauth_refresh_tokens`;

CREATE TABLE `oauth_refresh_tokens` (
  `id` varchar(100) CHARACTER SET utf8mb4 COLLATE utf8mb4_unicode_ci NOT NULL,
  `access_token_id` varchar(100) CHARACTER SET utf8mb4 COLLATE utf8mb4_unicode_ci NOT NULL,
  `revoked` tinyint(1) NOT NULL,
  `expires_at` datetime DEFAULT NULL,
  PRIMARY KEY (`id`),
  KEY `oauth_refresh_tokens_access_token_id_index` (`access_token_id`)
) ENGINE=InnoDB DEFAULT CHARSET=utf8mb4 COLLATE=utf8mb4_unicode_ci;

LOCK TABLES `oauth_refresh_tokens` WRITE;
/*!40000 ALTER TABLE `oauth_refresh_tokens` DISABLE KEYS */;

INSERT INTO `oauth_refresh_tokens` (`id`, `access_token_id`, `revoked`, `expires_at`)
VALUES
	('1bd257f8bbe690c8814565b0089491eaae911bf1ca01f4a4b487fd0192a0dd903c1cf0da1bd48ede','6139c042c4d7c04958230e48ec27526dbdedca9c61d152294bdcebaaec5faadd71dd12ed373af947',0,'2020-01-26 16:28:38'),
	('505015e2559593b912f2df85ec85d13555c40e75d8dde7c3b7e88c95db13bc62a1e5528a9acb90b7','63ca6912364bbccf57834ab9edfa682e23a86111b07a1986321d3e1dd4b318e3cd412b759f67aa94',0,'2020-01-26 14:03:43'),
	('77af8050fd33b6e2f3f3f286d8fb28d653a0f10d294b015085f4fb8e951c70f7c27e1338be8a9d84','d2a7af9a2653306639610f75ff7290f6c491e44669a90a56ff77c1a1e7495828f208ccbcf5c53455',0,'2020-01-26 14:01:21'),
	('958b4a1b719824f63173f04fb9eb2713b94d53fc3b67034b3713a104157551cf6f0fce1457eb62d1','ec5348179f2c1a96c422b743291f95b73c31ae6b7bc6462f5cb2800c55768902ce69e1b06b71d7d4',0,'2020-01-26 16:27:00'),
	('a0c84154642ccf872e81f96655a7b0654f2c2dec040b07cc155e5e01ada8d65b91c39d8b8e2e1056','60dfc8dcf7e3b88ad252a1ce2b85518c35d7ee613be0f705f654f5e3dc21adad5b5265057ebecb1a',0,'2020-01-26 16:28:07'),
	('adfe7f5430d6c8e48d34a7bc94887122c45e27bbbcafc4bc8a1f43a25222cdac870ef3895d93894b','be8555eab68c27ccd395a08eae80371631c8aab5a161440adebd4f6afb83d6d6b2523eab7a6e95a3',0,'2020-01-26 16:30:56'),
	('b4bcc895f2a0a33216c65a25c014a8fedd008f0daa82c7e441871bc09bebd1cce8cfff889943751e','d97d5aa2460a88db35efe5e1a47bed62af2f83a43f856d46b49f6ba54ec0d31b09b4b12cfe75cc27',0,'2020-01-26 17:05:03'),
	('d16c0a772fdcdde5ad24cd81a265af76746f69973e21c9b89f93529ca77f39a9a6679f8cee2cab9e','e08685442d7a5f9e66d7004d7dc794400b9022313f81d9b719310b393795821275aa15b7f7cce44d',0,'2020-01-26 14:23:02'),
	('ec7b4629555dbe20223e037d4fcc49ec3f40918979c4df805193fefb0208bb6e27a78e54143be8c0','fbf8a9d4ec5d65eef5b237079bf666a14776b9ffa61876b8b269423bb6b456b928f1509bb1feae32',0,'2020-01-26 16:16:53'),
	('f00b3d097ed637bb89b414e9188af161e8d9b44f114ff6c5927087033c3e059476c322fef778a21d','0b9e416f55f2894d6b8f110158218bd77c9aeb325293f21800c0d3cd73617766f559c4ee9c59cdfa',0,'2020-01-26 14:02:53');

/*!40000 ALTER TABLE `oauth_refresh_tokens` ENABLE KEYS */;
UNLOCK TABLES;


# Dump of table password_resets
# ------------------------------------------------------------

DROP TABLE IF EXISTS `password_resets`;

CREATE TABLE `password_resets` (
  `email` varchar(255) CHARACTER SET utf8mb4 COLLATE utf8mb4_unicode_ci NOT NULL,
  `token` varchar(255) CHARACTER SET utf8mb4 COLLATE utf8mb4_unicode_ci NOT NULL,
  `created_at` timestamp NULL DEFAULT NULL,
  KEY `password_resets_email_index` (`email`)
) ENGINE=InnoDB DEFAULT CHARSET=utf8mb4 COLLATE=utf8mb4_unicode_ci;



# Dump of table user_amounts
# ------------------------------------------------------------

DROP TABLE IF EXISTS `user_amounts`;

CREATE TABLE `user_amounts` (
  `id` bigint(20) unsigned NOT NULL AUTO_INCREMENT,
  `user_id` int(10) unsigned NOT NULL,
  `withdraw_id` int(10) unsigned NOT NULL DEFAULT '0' COMMENT '提现ID',
  `amount` decimal(20,2) NOT NULL COMMENT '调节值',
  `before_amount` decimal(20,2) NOT NULL COMMENT '调节前金额',
  `after_amount` decimal(20,2) NOT NULL COMMENT '调节后金额',
  `type` int(11) NOT NULL COMMENT '调节方式1:增加；2:减少',
  `source` int(11) NOT NULL DEFAULT '0' COMMENT '调节来源0:后台操作',
  `remark` varchar(255) CHARACTER SET utf8mb4 COLLATE utf8mb4_unicode_ci DEFAULT NULL COMMENT '备注',
  `created_at` timestamp NULL DEFAULT NULL,
  `updated_at` timestamp NULL DEFAULT NULL,
  PRIMARY KEY (`id`)
) ENGINE=InnoDB DEFAULT CHARSET=utf8mb4 COLLATE=utf8mb4_unicode_ci;

LOCK TABLES `user_amounts` WRITE;
/*!40000 ALTER TABLE `user_amounts` DISABLE KEYS */;

INSERT INTO `user_amounts` (`id`, `user_id`, `withdraw_id`, `amount`, `before_amount`, `after_amount`, `type`, `source`, `remark`, `created_at`, `updated_at`)
VALUES
	(1,5,0,5000.00,5000.00,5000.00,1,0,NULL,'2019-12-27 16:37:18','2019-12-27 16:37:18'),
	(2,3,0,5000.00,5000.00,5000.00,1,0,NULL,'2019-12-27 16:37:29','2019-12-27 16:37:29'),
	(3,3,0,5000.00,5000.00,5000.00,1,0,NULL,'2019-12-27 16:46:05','2019-12-27 16:46:05'),
	(4,7,0,5000.00,5000.00,5000.00,1,0,NULL,'2019-12-27 17:08:55','2019-12-27 17:08:55'),
	(5,6,0,5000.00,8930.00,8930.00,1,0,NULL,'2019-12-27 17:09:22','2019-12-27 17:09:22'),
	(6,5,0,5000.00,4980.00,4980.00,1,0,NULL,'2019-12-27 17:09:50','2019-12-27 17:09:50');

/*!40000 ALTER TABLE `user_amounts` ENABLE KEYS */;
UNLOCK TABLES;


# Dump of table users
# ------------------------------------------------------------

DROP TABLE IF EXISTS `users`;

CREATE TABLE `users` (
  `id` int(10) unsigned NOT NULL AUTO_INCREMENT,
  `pid` int(10) unsigned NOT NULL DEFAULT '0' COMMENT '邀请人ID',
  `status` tinyint(4) NOT NULL DEFAULT '1' COMMENT '状态1正常；0冻结；2已注销',
  `vip` tinyint(4) NOT NULL DEFAULT '0' COMMENT '是否为vip',
  `amount` decimal(20,2) NOT NULL DEFAULT '0.00' COMMENT '可用额度',
  `username` varchar(255) CHARACTER SET utf8mb4 COLLATE utf8mb4_unicode_ci NOT NULL COMMENT '用户名',
  `name` varchar(255) CHARACTER SET utf8mb4 COLLATE utf8mb4_unicode_ci DEFAULT NULL COMMENT '姓名',
  `invitation_code` varchar(255) CHARACTER SET utf8mb4 COLLATE utf8mb4_unicode_ci NOT NULL COMMENT '邀请码',
  `bank_name` varchar(255) CHARACTER SET utf8mb4 COLLATE utf8mb4_unicode_ci DEFAULT NULL COMMENT '银行名称',
  `bank_card` varchar(255) CHARACTER SET utf8mb4 COLLATE utf8mb4_unicode_ci DEFAULT NULL COMMENT '银行卡号',
  `email_verified_at` timestamp NULL DEFAULT NULL,
  `password` varchar(255) CHARACTER SET utf8mb4 COLLATE utf8mb4_unicode_ci NOT NULL,
  `remember_token` varchar(100) CHARACTER SET utf8mb4 COLLATE utf8mb4_unicode_ci DEFAULT NULL,
  `remark` varchar(255) CHARACTER SET utf8mb4 COLLATE utf8mb4_unicode_ci DEFAULT NULL COMMENT '备注',
  `created_at` timestamp NULL DEFAULT NULL,
  `updated_at` timestamp NULL DEFAULT NULL,
  PRIMARY KEY (`id`),
  UNIQUE KEY `users_username_unique` (`username`),
  UNIQUE KEY `users_invitation_code_unique` (`invitation_code`)
) ENGINE=InnoDB DEFAULT CHARSET=utf8mb4 COLLATE=utf8mb4_unicode_ci;

LOCK TABLES `users` WRITE;
/*!40000 ALTER TABLE `users` DISABLE KEYS */;

INSERT INTO `users` (`id`, `pid`, `status`, `vip`, `amount`, `username`, `name`, `invitation_code`, `bank_name`, `bank_card`, `email_verified_at`, `password`, `remember_token`, `remark`, `created_at`, `updated_at`)
VALUES
	(1,0,1,0,0.00,'test123','姓名','483V0H','中国农业银行','6123123123123',NULL,'$2y$10$AMeQjdg5RS0XVsp1b1VgQeGZREGDEunJHS14wQ/X49uKAD0vka.MC',NULL,NULL,'2019-12-27 14:01:08','2019-12-27 14:04:14'),
	(2,0,1,0,4036.00,'asdf123','才饭','4Q4I3R','中国农业银行','6228486952893690',NULL,'$2y$10$xGBnHRjGxuyMbPPqSt.7gOvgGH5PUyFGUoRUoElGDQVjBxoU4vB16',NULL,NULL,'2019-12-27 16:16:28','2019-12-27 16:50:25'),
	(3,0,1,0,4106.60,'11112222','风清扬','AI18FB','中国农业银行','621122555556555555',NULL,'$2y$10$IQdHy50smt3Uo62ywMSva.iDb1oC7skSnld.0SMCROUdMyN8nmb62',NULL,NULL,'2019-12-27 16:26:33','2019-12-27 17:07:44'),
	(4,0,1,0,992.00,'ceshi1','抠门','3R3PT9','中国农业银行','6213251542623512',NULL,'$2y$10$fPmn26Aqt6LCDBI6p40iR.J6vD.SkKC59mMe.k95Tqysdb/lvcOR.',NULL,NULL,'2019-12-27 16:27:48','2019-12-27 16:57:01'),
	(5,0,1,0,4980.00,'22221111','风情园','G88FBI','中国农业银行','6255151554666616',NULL,'$2y$10$Sqev7bZrxTDe3tOINtoXvOIYRJy7JRr5gkcMp73mP0lzemXo/2j8C',NULL,NULL,'2019-12-27 16:28:22','2019-12-27 17:09:50'),
	(6,0,1,0,8930.00,'ceshi2','可哪里','B5A8K0','中国农业银行','6213584696541235652',NULL,'$2y$10$Rr71c1eZVQVlwYOW.87hk.D9508PexANq8jDiArwq4Usyc.odSfde',NULL,NULL,'2019-12-27 16:30:41','2019-12-27 17:09:22'),
	(7,0,1,0,5000.00,'测试1232','哈哈','H7C9KT','中国农业银行','45567844',NULL,'$2y$10$JwAd889WX273gxdIh10le.wEygfLP8Rh1s36b/VBRGzFVy9voaqvm',NULL,NULL,'2019-12-27 16:42:27','2019-12-27 17:08:55');

/*!40000 ALTER TABLE `users` ENABLE KEYS */;
UNLOCK TABLES;


# Dump of table versions
# ------------------------------------------------------------

DROP TABLE IF EXISTS `versions`;

CREATE TABLE `versions` (
  `id` bigint(20) unsigned NOT NULL AUTO_INCREMENT,
  `name` varchar(255) CHARACTER SET utf8mb4 COLLATE utf8mb4_unicode_ci NOT NULL COMMENT '名称',
  `number` varchar(255) CHARACTER SET utf8mb4 COLLATE utf8mb4_unicode_ci NOT NULL COMMENT '版本号',
  `packge_size` varchar(255) CHARACTER SET utf8mb4 COLLATE utf8mb4_unicode_ci NOT NULL COMMENT '更新包大小',
  `android_link` varchar(255) CHARACTER SET utf8mb4 COLLATE utf8mb4_unicode_ci NOT NULL COMMENT 'android更新地址',
  `type` varchar(255) CHARACTER SET utf8mb4 COLLATE utf8mb4_unicode_ci NOT NULL DEFAULT 'release' COMMENT '类型',
  `method` varchar(255) CHARACTER SET utf8mb4 COLLATE utf8mb4_unicode_ci NOT NULL DEFAULT 'force' COMMENT '类型',
  `ios_link` varchar(255) CHARACTER SET utf8mb4 COLLATE utf8mb4_unicode_ci DEFAULT NULL COMMENT 'ios更新地址',
  `info` text CHARACTER SET utf8mb4 COLLATE utf8mb4_unicode_ci COMMENT '更新详情',
  `created_at` timestamp NULL DEFAULT NULL,
  `updated_at` timestamp NULL DEFAULT NULL,
  PRIMARY KEY (`id`)
) ENGINE=InnoDB DEFAULT CHARSET=utf8mb4 COLLATE=utf8mb4_unicode_ci;

LOCK TABLES `versions` WRITE;
/*!40000 ALTER TABLE `versions` DISABLE KEYS */;

INSERT INTO `versions` (`id`, `name`, `number`, `packge_size`, `android_link`, `type`, `method`, `ios_link`, `info`, `created_at`, `updated_at`)
VALUES
	(3000,'众盈支付','3.0.0','1.203','http://pay.s5388.xyz/storage/file/3.0.0.apk','release','force',NULL,'无','2019-11-23 04:45:52','2019-12-27 14:18:47');

/*!40000 ALTER TABLE `versions` ENABLE KEYS */;
UNLOCK TABLES;


# Dump of table withdraws
# ------------------------------------------------------------

DROP TABLE IF EXISTS `withdraws`;

CREATE TABLE `withdraws` (
  `id` bigint(20) unsigned NOT NULL AUTO_INCREMENT,
  `user_id` int(10) unsigned NOT NULL,
  `payer_user_id` int(10) unsigned DEFAULT NULL COMMENT '付款人ID',
  `payer_parent_user_id` int(11) DEFAULT NULL COMMENT '付款人的上级ID',
  `order_no` varchar(255) CHARACTER SET utf8mb4 COLLATE utf8mb4_unicode_ci NOT NULL COMMENT '订单号',
  `amount` decimal(20,2) NOT NULL COMMENT '提现时金额',
  `withdraw_amount` decimal(20,2) NOT NULL COMMENT '提现金额',
  `brokerage_fee` decimal(20,2) NOT NULL COMMENT '佣金',
  `parent_brokerage_fee` decimal(20,2) NOT NULL DEFAULT '0.00' COMMENT '上级佣金',
  `operation_fee` decimal(20,2) NOT NULL COMMENT '平台运营手续费',
  `name` varchar(255) CHARACTER SET utf8mb4 COLLATE utf8mb4_unicode_ci NOT NULL COMMENT '收款人',
  `remitter` varchar(255) CHARACTER SET utf8mb4 COLLATE utf8mb4_unicode_ci DEFAULT NULL COMMENT '汇款人',
  `bankname` varchar(255) CHARACTER SET utf8mb4 COLLATE utf8mb4_unicode_ci NOT NULL COMMENT '开户银行',
  `bankcard` varchar(255) CHARACTER SET utf8mb4 COLLATE utf8mb4_unicode_ci NOT NULL COMMENT '银行卡号',
  `images` text CHARACTER SET utf8mb4 COLLATE utf8mb4_unicode_ci COMMENT '图片',
  `remarks` varchar(255) CHARACTER SET utf8mb4 COLLATE utf8mb4_unicode_ci DEFAULT NULL COMMENT '备注',
  `status` int(11) NOT NULL DEFAULT '0' COMMENT '状态0:待抢单；1:已接单;2:已出款;3:交易正常;4:交易取消',
  `vip` int(11) NOT NULL DEFAULT '0' COMMENT '是否为vip',
  `grab_at` timestamp NULL DEFAULT NULL COMMENT '抢单时间',
  `payment_at` timestamp NULL DEFAULT NULL COMMENT '确认付款时间',
  `time_out_at` timestamp NULL DEFAULT NULL COMMENT '订单超时时间',
  `finished_at` timestamp NULL DEFAULT NULL COMMENT '订单结束时间',
  `created_at` timestamp NULL DEFAULT NULL,
  `updated_at` timestamp NULL DEFAULT NULL,
  PRIMARY KEY (`id`),
  UNIQUE KEY `withdraws_order_no_unique` (`order_no`)
) ENGINE=InnoDB DEFAULT CHARSET=utf8mb4 COLLATE=utf8mb4_unicode_ci;

LOCK TABLES `withdraws` WRITE;
/*!40000 ALTER TABLE `withdraws` DISABLE KEYS */;

INSERT INTO `withdraws` (`id`, `user_id`, `payer_user_id`, `payer_parent_user_id`, `order_no`, `amount`, `withdraw_amount`, `brokerage_fee`, `parent_brokerage_fee`, `operation_fee`, `name`, `remitter`, `bankname`, `bankcard`, `images`, `remarks`, `status`, `vip`, `grab_at`, `payment_at`, `time_out_at`, `finished_at`, `created_at`, `updated_at`)
VALUES
	(1,5,2,NULL,'1577435874837265',5000.00,5000.00,30.00,0.00,0.00,'风情园','才饭','中国农业银行','6255151554666616','[\"2019_12_27\\/346e1a123b541587d8f50134a08b38ca3050.jpg\"]',NULL,3,0,'2019-12-27 16:38:41','2019-12-27 16:38:58','2019-12-27 16:43:41','2019-12-27 16:42:29','2019-12-27 16:37:54','2019-12-27 16:42:29'),
	(2,3,6,NULL,'1577435889547319',5000.00,5000.00,30.00,0.00,0.00,'风清扬','抠门','中国农业银行','621122555556555555','[\"2019_12_27\\/bc762da4d9589c74ebf655387614dbee7768.jpg\"]',NULL,3,0,'2019-12-27 16:40:23','2019-12-27 16:40:45','2019-12-27 16:45:23','2019-12-27 16:43:51','2019-12-27 16:38:09','2019-12-27 16:43:51'),
	(3,2,4,NULL,'1577436193450899',5030.00,2000.00,12.00,0.00,0.00,'才饭','你看看','中国农业银行','6228486952893690','[\"2019_12_27\\/8beb2c5ead62c96cd297f299903961c24242.jpg\"]',NULL,3,0,'2019-12-27 16:43:16','2019-12-27 16:44:11','2019-12-27 16:48:16','2019-12-27 16:48:33','2019-12-27 16:43:13','2019-12-27 16:48:33'),
	(4,3,2,NULL,'1577436378561065',5000.00,1000.00,6.00,0.00,0.00,'风清扬','才饭','中国农业银行','621122555556555555','[\"2019_12_27\\/590e2973f94daa0d4ac64268a6b38d671758.jpg\"]',NULL,3,0,'2019-12-27 16:46:26','2019-12-27 16:46:35','2019-12-27 16:51:26','2019-12-27 16:50:25','2019-12-27 16:46:18','2019-12-27 16:50:25'),
	(5,4,NULL,NULL,'1577436590564273',2012.00,1000.00,6.00,0.00,0.00,'抠门',NULL,'中国农业银行','6213251542623512',NULL,NULL,0,0,NULL,NULL,NULL,NULL,'2019-12-27 16:49:50','2019-12-27 16:55:01'),
	(6,3,NULL,NULL,'1577436637573238',4000.00,1000.00,6.00,0.00,0.00,'风清扬',NULL,'中国农业银行','621122555556555555',NULL,NULL,0,0,NULL,NULL,NULL,NULL,'2019-12-27 16:50:37','2019-12-27 16:57:01'),
	(7,6,3,NULL,'1577436691348702',5030.00,1100.00,6.60,0.00,0.00,'可哪里','滚滚滚','中国农业银行','6213584696541235652','[\"2019_12_27\\/b75ba4b4690577df8e0529e77084cb4b6132.jpg\"]',NULL,3,0,'2019-12-27 16:51:38','2019-12-27 16:52:00','2019-12-27 16:56:38','2019-12-27 17:07:44','2019-12-27 16:51:31','2019-12-27 17:07:44'),
	(8,5,NULL,NULL,'1577436901463036',0.00,20.00,0.00,0.00,0.00,'系统扣款',NULL,'000000000000000000','中国银行',NULL,NULL,3,0,NULL,NULL,NULL,NULL,'2019-12-27 16:55:01','2019-12-27 16:55:01'),
	(9,4,NULL,NULL,'1577437021451977',0.00,20.00,0.00,0.00,0.00,'系统扣款',NULL,'000000000000000000','中国银行',NULL,NULL,3,0,NULL,NULL,NULL,NULL,'2019-12-27 16:57:01','2019-12-27 16:57:01');

/*!40000 ALTER TABLE `withdraws` ENABLE KEYS */;
UNLOCK TABLES;



/*!40111 SET SQL_NOTES=@OLD_SQL_NOTES */;
/*!40101 SET SQL_MODE=@OLD_SQL_MODE */;
/*!40014 SET FOREIGN_KEY_CHECKS=@OLD_FOREIGN_KEY_CHECKS */;
/*!40101 SET CHARACTER_SET_CLIENT=@OLD_CHARACTER_SET_CLIENT */;
/*!40101 SET CHARACTER_SET_RESULTS=@OLD_CHARACTER_SET_RESULTS */;
/*!40101 SET COLLATION_CONNECTION=@OLD_COLLATION_CONNECTION */;
